Column1.1;Column1.2;Column1.3;Column1.4;Column1.5;Column1.6;Column1.7;Column1.8;Column1.9;Column1.10,,,,,,,,,,,,,,,,,,,,,,,,,,,,,,,,,,,,,,,,,,,,,,,,,,,,,,,,,,,,,,,,,,,,,,,,,,,,,,,,,,,,,,,,,,,,,,,,,,,,,,,,,,,,,,,,,,,,,,,,,,,,,,,,,,,,,,,,,,,,,,,,,,,,,,,,,,,,,,,,,,,,,,,,,,,,,,,,,,,,,,,,,,,,,,,,,,,,,,,,,,,,,,,,,,,,,,,,,,,,,,,,,,,,,,,,,,,,,,,,,,,,,,,,,,,,,,,,,,,,,,,,,,,,,,,,,,,,,,,,,,,,,,,,,,,,,,,,,,,,,,,,,,,,,,,,,,,,,,,,,,,,,,,,,,,,,,,,,,,,,,,,,,,,,,,,,,,,,,,,,,,,,,,,,,,,,,,,,,,,,,,,,,,,,,,,,,,,,,,,,,,,,,,,,,,,,,,,,,,,,,,,,,,,,,,,,,,,,,,,,,,,,,,,,,,,,,,,,,,,,,,,,,,,,,,,,,,,,,,,,,,,,,,,,,,,,,,,,,,,,,,,,,,,,,,,,,,,,,,,,,,,,,,,,,,,,,,,,,,,,,,,,,,,,,,,,,,,,,,,,,,,,,,,,,,,,,,,,,,,,,,,,,,,,,,,,,,,,,,,,,,,,,,,,,,,,,,,,,,,,,,,,,,,,,,,,,,,,,,,,,,,,,,,,,,,,,,,,,,,,,,,,,,,,,,,,,,,,,,,,,,,,,,,,,,,,,,,,,,,,,,,,,,,,,,,,,,,,,,,,,,,,,,,,,,,,,,,,,,,,,,,,,,,,,,,,,,,,,,,,,,,,,,,,,,,,,,,,,,,,,,,,,,,,,,,,,,,,,,,,,,,,,,,,,,,,,,,,,,,,,,,,,,,,,,,,,,,,,,,,,,,,,,,,,,,,,,,,,,,,,,,,,,,,,,,,,,,,,,,,,,,,,,,,,,,,,,,,,,,,,,,,,,,,,,,,,,,,,,,,,,,,,,,,,,,,,,,,,,,,,,,,,,,,,,,,,,,,,,,,,,,,,,,,,,,,,,,,,,,,,,,,,,,,,,,,,,,,,,,,,,,,,,,,,,,,,,,,,,,,,,
Album;Album,URL;Artist;Featured,Artists;Lyrics;Media;Rank;Release,Date;Song,Title;Song,URL,,,,,,,,,,,,,,,,,,,,,,,,,,,,,,,,,,,,,,,,,,,,,,,,,,,,,,,,,,,,,,,,,,,,,,,,,,,,,,,,,,,,,,,,,,,,,,,,,,,,,,,,,,,,,,,,,,,,,,,,,,,,,,,,,,,,,,,,,,,,,,,,,,,,,,,,,,,,,,,,,,,,,,,,,,,,,,,,,,,,,,,,,,,,,,,,,,,,,,,,,,,,,,,,,,,,,,,,,,,,,,,,,,,,,,,,,,,,,,,,,,,,,,,,,,,,,,,,,,,,,,,,,,,,,,,,,,,,,,,,,,,,,,,,,,,,,,,,,,,,,,,,,,,,,,,,,,,,,,,,,,,,,,,,,,,,,,,,,,,,,,,,,,,,,,,,,,,,,,,,,,,,,,,,,,,,,,,,,,,,,,,,,,,,,,,,,,,,,,,,,,,,,,,,,,,,,,,,,,,,,,,,,,,,,,,,,,,,,,,,,,,,,,,,,,,,,,,,,,,,,,,,,,,,,,,,,,,,,,,,,,,,,,,,,,,,,,,,,,,,,,,,,,,,,,,,,,,,,,,,,,,,,,,,,,,,,,,,,,,,,,,,,,,,,,,,,,,,,,,,,,,,,,,,,,,,,,,,,,,,,,,,,,,,,,,,,,,,,,,,,,,,,,,,,,,,,,,,,,,,,,,,,,,,,,,,,,,,,,,,,,,,,,,,,,,,,,,,,,,,,,,,,,,,,,,,,,,,,,,,,,,,,,,,,,,,,,,,,,,,,,,,,,,,,,,,,,,,,,,,,,,,,,,,,,,,,,,,,,,,,,,,,,,,,,,,,,,,,,,,,,,,,,,,,,,,,,,,,,,,,,,,,,,,,,,,,,,,,,,,,,,,,,,,,,,,,,,,,,,,,,,,,,,,,,,,,,,,,,,,,,,,,,,,,,,,,,,,,,,,,,,,,,,,,,,,,,,,,,,,,,,,,,,,,,,,,,,,,,,,,,,,,,,,,,,,,,,,,,,,,,,,,,,,,,,,,,,,,,,,,,,,,,,,,,,,,,,,,,,,,,,,,,,,,,,,,,,,,,,,,,,,,,,,,,,,,,,,,,,,,,,,,,,,,,,,,,,,,,
Battle,of,New,Orleans;https://genius.com/albums/Johnny-horton/Battle-of-new-orleans;Johnny,Horton;[];[Verse,1],In,1814,we,took,a,little,trip,Along,with,Colonel,Jackson,down,the,mighty,Mississip,We,took,a,little,bacon,and,we,took,a,little,beans,And,we,caught,the,bloody,British,in,a,town,near,New,Orleans,,[Chorus],We,fired,our,guns,and,the,British,kept,a-comin',There,wasn't,nigh,as,many,as,there,was,a,while,ago,We,fired,once,more,and,they,begin,to,runnin',On,down,the,Mississippi,to,the,Gulf,of,Mexico,,[Verse,2],We,looked,down,a,river,(Hut-two),And,we,see'd,the,British,come,(Three-four),And,there,must,have,been,a,hundred,of'em,(Hut-two),Beatin',on,the,drums,(Three-four),They,stepped,so,high,(Hut-two),And,they,made,their,bugles,ring,(Three-four),We,stood,beside,our,cotton,bales,(Hut-two),And,didn't,say,a,thing,(Two-three-four),,[Chorus],We,fired,our,guns,and,the,British,kept,a-comin',There,wasn't,nigh,as,many,as,there,was,a,while,ago,We,fired,once,more,and,they,begin,to,runnin',On,down,the,Mississippi,to,the,Gulf,of,Mexico,,[Verse,3],Old,Hickory,said,we,could,take,em,by,surprise,(One-hut,,two-three-four),If,we,didn't,fire,our,muskets,(One-hut,,two-three-four),Till,we,looked,em,in,the,eye,(One-hut,,two-three-four),We,held,our,fire,(Hut,,two-three-four),Till,we,see,their,faces,well,Then,we,opened,up,our,squirrel,guns,And,really,gave,em,-0,well,we,,[Chorus],Fired,our,guns,and,the,British,kept,a-comin',There,wasn't,nigh,as,many,as,there,was,a,while,ago,We,fired,once,more,and,they,begin,to,runnin',On,down,the,Mississippi,to,the,Gulf,of,Mexico,,[Verse,4],Yeah,,they,ran,through,the,briars,(One-hup-two),And,they,ran,through,the,brambles,(Hup-two-three-four),And,they,ran,through,the,bushes,(Hup-two),Where,the,rabbit,couldn't,go,(Hup-two-three-four),They,ran,so,fast,(Hup-two),That,the,hounds,couldn't,catch,em,(One-two-three-four),On,down,the,Mississippi,to,the,Gulf,of,Mexico,(One-two,,hup-two-three-four),,[Verse,5],We,fired,our,cannon,til,the,barrel,melted,down,So,we,grabbed,an,alligator,and,we,fired,another,round,We,filled,his,head,with,cannon,balls,,and,powdered,his,behind,And,when,we,touched,the,powder,off,the,gator,lost,his,mind,,[Chorus],We,fired,our,guns,and,the,British,kept,a-comin',There,wasn't,nigh,as,many,as,there,was,a,while,ago,We,fired,once,more,and,they,begin,to,runnin',On,down,the,Mississippi,to,the,Gulf,of,Mexico,,[Verse,4],Yeah,,they,ran,through,the,briars,(Hup-one-two),And,they,ran,through,the,brambles,(One-two-three-four),And,they,ran,through,the,bushes,(Hup-two),Where,the,rabbit,couldn't,go,(Hup-two-three-four),They,ran,so,fast,(Hup-two),That,the,hounds,couldn't,catch,em,(One-two-three-four),On,down,the,Mississippi,to,the,Gulf,of,Mexico;[{'native_uri':,spotify:track:0dwpdcQkeZqpuoAPYD49N3',,provider':,spotify',,type':,audio',,url':,https://open.spotify.com/track/0dwpdcQkeZqpuoAPYD49N3'},,{'provider':,youtube',,start':,0,,type':,video',,url':,http://www.youtube.com/watch?v=VL7XS_8qgXM'}];1;1959-04-01;The,Battle,Of,New,Orleans;https://genius.com/Johnny-horton-the-battle-of-new-orleans-lyrics,,,,,,,,,,,,,,,,,,,,,,,,,,,,,,,,,,,,,,,,,,,,,,,,,,,,,,,,,,,,,,,,,,,,,,,,,,,,,,,,,,,,,,,,,,,,,,,,,,,,,,,,,,,,,,,,,,,,,,,,,,,,,,,,,,,,,,,,,,,,,,,,,,,,,,,,,,,,,,,,,,,,,,,,,,,,,,,,,,,,,,,,,,,,,,,,,,,,,,,,,,,,,,,,,,,,,,,,,,,,,,,,,,,,,,,,,,,,,,,,,,,,,,,,,,,,,,,,,,,,,,,,,,,,,,,,,,,,,,,,,,,,,,,,,,,,,,,,,,,,,,,,,,,,,,,,,,,,,,,,,,,,,,,,,,,,,,,,,,,,,,,,,,,,,,,,,,,,,,,,,,,,,,,,,,,,,,,,,,,,,,,,,,,,,,,,,,,,,,,,,,,,,,,,,,,,,,,,,,,,,,,,,,,,,,,,,,,,,,,,,,,,,,,,,,,,,,,,,,,,,,,,,,,,,,,,,,,,,,,,,,,,,,,,,,,,,,,,,,,,,,,,,,,,,,,,,,,,,,,,,,,,,,
That‚Äôs,All;https://genius.com/albums/Bobby-darin/That-s-all;Bobby,Darin;[];Oh,the,shark,,babe,Has,such,teeth,,dear,And,he,shows,them,Pearly,white,Just,a,jackknife,Has,old,Macheath,,babe,And,he,keeps,it,Out,of,sight,,You,know,when,that,shark,bites,With,his,teeth,,babe,Scarlet,billows,Start,to,spread,Fancy,gloves,,though,Wears,ol',Macheath,,babe,So,there's,never,,never,a,trace,of,red,,Now,,on,the,side,walk,,ooh,Sunday,morning,,uh,huh,Lies,a,body,just,oozing,life.,EEK!,And,someone's,sneaking,round,the,corner,Could,that,someone,be,Mack,the,Knife?,,There's,a,tugboat,down,by,the,river,,don't,you,know,Where,a,cement,bag's,just,a,drooping,on,down,Oh,that,cement,is,just,,it's,there,for,the,weight,,dear,Five'll,get,ya,ten,,ol',Mackie's,back,in,town,,Now,did,ya,hear,bout,Louie,Miller?,He,disappeared,,babe,After,drawing,out,all,his,hard,earned,cash,And,now,Macheath,spends,,just,like,a,sailor,Could,it,be,,our,boy's,done,something,rash?,,Now,,Jenny,Diver,,Suky,Tawdry,Oh,,Miss,Lotte,Lenya,,and,ol',Lucy,Brown,Oh,the,line,forms,on,the,right,,babe,Now,that,Mackie's,back,in,town,,I,said,,Jenny,Diver,,oh,Suky,Tawdry,Look,out,,Miss,Lotte,Lenya,,and,ol',Lucy,Brown,Yes,,that,line,forms,on,the,right,,babe,Now,that,Mackie's,back,in,town,Look,out,ol',Mackie,is,back!;[{'native_uri':,spotify:track:3E5ndyOfO6vFDEIE42HA8o',,provider':,spotify',,type':,audio',,url':,https://open.spotify.com/track/3E5ndyOfO6vFDEIE42HA8o'}];2;;Mack,The,Knife;https://genius.com/Bobby-darin-mack-the-knife-lyrics,,,,,,,,,,,,,,,,,,,,,,,,,,,,,,,,,,,,,,,,,,,,,,,,,,,,,,,,,,,,,,,,,,,,,,,,,,,,,,,,,,,,,,,,,,,,,,,,,,,,,,,,,,,,,,,,,,,,,,,,,,,,,,,,,,,,,,,,,,,,,,,,,,,,,,,,,,,,,,,,,,,,,,,,,,,,,,,,,,,,,,,,,,,,,,,,,,,,,,,,,,,,,,,,,,,,,,,,,,,,,,,,,,,,,,,,,,,,,,,,,,,,,,,,,,,,,,,,,,,,,,,,,,,,,,,,,,,,,,,,,,,,,,,,,,,,,,,,,,,,,,,,,,,,,,,,,,,,,,,,,,,,,,,,,,,,,,,,,,,,,,,,,,,,,,,,,,,,,,,,,,,,,,,,,,,,,,,,,,,,,,,,,,,,,,,,,,,,,,,,,,,,,,,,,,,,,,,,,,,,,,,,,,,,,,,,,,,,,,,,,,,,,,,,,,,,,,,,,,,,,,,,,,,,,,,,,,,,,,,,,,,,,,,,,,,,,,,,,,,,,,,,,,,,,,,,,,,,,,,,,,,,,,,,,,,,,,,,,,,,,,,,,,,,,,,,,,,,,,,,,,,,,,,,,,,,,,,,,,,,,,,,,,,,,,,,,,,,,,,,,,,,,,,,,,,,,,,,,,,,,,,,,,,,,,,,,,,,,,,,,,,,,,,,,,,,,,,,,,,,,,,,,,,,,,,,,,,,,,,,,,,,,,,,,,,,,,,,,,,,,,,,,,,,,,,,,,,,,,,,,,,,,,,,,,,,,,,,,,,,,,,,,,,,,,,,
‚ÄúMr,Personality‚Äôs‚Äù,15,Big,Hits;https://genius.com/albums/Lloyd-price/Mr-personality-s-15-big-hits;Lloyd,Price;[];Over,and,over,I,tried,to,prove,my,love,to,you,Over,and,over,What,more,can,I,do,,Over,and,over,My,friend,says,I'm,a,fool,But,over,and,over,I'll,be,a,fool,for,you,,Cause,you,got,personality,Walk,(with,personality),Talk,(with,personality),Smile,(with,personality),Charm,(with,personality),Love,(with,personality),And,plus,you've,got,A,great,big,heart,,So,over,and,over,Oh,,I'll,be,a,fool,for,you,Now,over,and,over,What,more,can,I,do,,Cause,you,got,personality,Walk,(with,personality),Talk,(with,personality),Smile,(with,personality),Charm,(with,personality),Love,(with,personality),And,plus,you've,got,A,great,big,heart,,So,over,and,over,Whoa,,I'll,be,a,fool,for,you,Now,over,and,over,What,more,can,I,do,,Over,and,over,I,said,that,I,love,you,Over,and,over,,honey,Now,it's,the,truth,,Over,and,over,They,still,say,I'm,a,fool,But,over,and,over,I'll,be,a,fool,for,you,,Cause,you,got,personality,Walk,(with,personality),Talk,(with,personality),Smile,(with,personality),Charm,(with,personality),Love,(with,personality),And,plus,you've,got,A,great,big,heart,,So,over,and,over,Whoa,,I'll,be,a,fool,for,you,Now,over,and,over,What,more,can,I,do;[{'provider':,youtube',,start':,0,,type':,video',,url':,http://www.youtube.com/watch?v=6UvvpiKShBI'}];3;;Personality;https://genius.com/Lloyd-price-personality-lyrics,,,,,,,,,,,,,,,,,,,,,,,,,,,,,,,,,,,,,,,,,,,,,,,,,,,,,,,,,,,,,,,,,,,,,,,,,,,,,,,,,,,,,,,,,,,,,,,,,,,,,,,,,,,,,,,,,,,,,,,,,,,,,,,,,,,,,,,,,,,,,,,,,,,,,,,,,,,,,,,,,,,,,,,,,,,,,,,,,,,,,,,,,,,,,,,,,,,,,,,,,,,,,,,,,,,,,,,,,,,,,,,,,,,,,,,,,,,,,,,,,,,,,,,,,,,,,,,,,,,,,,,,,,,,,,,,,,,,,,,,,,,,,,,,,,,,,,,,,,,,,,,,,,,,,,,,,,,,,,,,,,,,,,,,,,,,,,,,,,,,,,,,,,,,,,,,,,,,,,,,,,,,,,,,,,,,,,,,,,,,,,,,,,,,,,,,,,,,,,,,,,,,,,,,,,,,,,,,,,,,,,,,,,,,,,,,,,,,,,,,,,,,,,,,,,,,,,,,,,,,,,,,,,,,,,,,,,,,,,,,,,,,,,,,,,,,,,,,,,,,,,,,,,,,,,,,,,,,,,,,,,,,,,,,,,,,,,,,,,,,,,,,,,,,,,,,,,,,,,,,,,,,,,,,,,,,,,,,,,,,,,,,,,,,,,,,,,,,,,,,,,,,,,,,,,,,,,,,,,,,,,,,,,,,,,,,,,,,,,,,,,,,,,,,,,,,,,,,,,,,,,,,,,,,,,,,,,,,,,,,,,,,,,,,,,,,,,,,,,,,,,,,,,,,,,,,,,,,,,,,,,,,,,,,,,,,,,,,,,,,,,,,,,,,,,,,,,,,,,,,,,,,,,,,,,,,,,,,,,,,,
The,Greatest,Hits,Of,Frankie,Avalon;https://genius.com/albums/Frankie-avalon/The-greatest-hits-of-frankie-avalon;Frankie,Avalon;[];Hey,,Venus!,Oh,,Venus!,,Venus,,if,you,will,Please,send,a,little,girl,for,me,to,thrill,A,girl,who,wants,my,kisses,and,my,arms,A,girl,with,all,the,charms,of,you,,Venus,,make,her,fair,A,lovely,girl,with,sunlight,in,her,hair,And,take,the,brightest,stars,up,in,the,skies,And,place,them,in,her,eyes,for,me,,Venus,,goddess,of,love,that,you,are,Surely,the,things,I,ask,Can't,be,too,great,a,task,,Venus,,if,you,do,I,promise,that,I,always,will,be,true,I'll,give,her,all,the,love,I,have,to,give,As,long,as,we,both,shall,live,,Venus,,goddess,of,love,that,you,are,Surely,the,things,I,ask,Can't,be,too,great,a,task,,Venus,,if,you,do,I,promise,that,I,always,will,be,true,I'll,give,her,all,the,love,I,have,to,give,As,long,as,we,both,shall,live,,Hey,,Venus!,Oh,,Venus!,Make,my,wish,come,true;[];4;;Venus;https://genius.com/Frankie-avalon-venus-lyrics,,,,,,,,,,,,,,,,,,,,,,,,,,,,,,,,,,,,,,,,,,,,,,,,,,,,,,,,,,,,,,,,,,,,,,,,,,,,,,,,,,,,,,,,,,,,,,,,,,,,,,,,,,,,,,,,,,,,,,,,,,,,,,,,,,,,,,,,,,,,,,,,,,,,,,,,,,,,,,,,,,,,,,,,,,,,,,,,,,,,,,,,,,,,,,,,,,,,,,,,,,,,,,,,,,,,,,,,,,,,,,,,,,,,,,,,,,,,,,,,,,,,,,,,,,,,,,,,,,,,,,,,,,,,,,,,,,,,,,,,,,,,,,,,,,,,,,,,,,,,,,,,,,,,,,,,,,,,,,,,,,,,,,,,,,,,,,,,,,,,,,,,,,,,,,,,,,,,,,,,,,,,,,,,,,,,,,,,,,,,,,,,,,,,,,,,,,,,,,,,,,,,,,,,,,,,,,,,,,,,,,,,,,,,,,,,,,,,,,,,,,,,,,,,,,,,,,,,,,,,,,,,,,,,,,,,,,,,,,,,,,,,,,,,,,,,,,,,,,,,,,,,,,,,,,,,,,,,,,,,,,,,,,,,,,,,,,,,,,,,,,,,,,,,,,,,,,,,,,,,,,,,,,,,,,,,,,,,,,,,,,,,,,,,,,,,,,,,,,,,,,,,,,,,,,,,,,,,,,,,,,,,,,,,,,,,,,,,,,,,,,,,,,,,,,,,,,,,,,,,,,,,,,,,,,,,,,,,,,,,,,,,,,,,,,,,,,,,,,,,,,,,,,,,,,,,,,,,,,,,,,,,,,,,,,,,,,,,,,,,,,,,,,,,,,,,,,,,,,,,,,,,,,,,,,,,,,,,,,,,,,,,,,,,,,,,,,,,,,,,,,,,,,,,,,,,,,,,,,,,,,,,,,,,,,,,,,,
Paul,Anka,Sings,His,Big,15;https://genius.com/albums/Paul-anka/Paul-anka-sings-his-big-15;Paul,Anka;[];I'm,just,a,lonely,boy,Lonely,and,blue,I'm,all,alone,With,nothin',to,do,,I've,got,everything,You,could,think,of,But,all,I,want,Is,someone,to,love,,Someone,,yes,someone,to,love,Someone,to,kiss,Someone,to,hold,At,a,moment,like,this,,I'd,like,to,hear,Somebody,say,I'll,give,you,my,love,Each,night,and,day,,I'm,just,a,lonely,boy,Lonely,and,blue,I'm,all,alone,With,nothin',to,do,,I've,got,everything,You,could,think,of,But,all,I,want,Is,someone,to,love,,Somebody,,somebody,,somebody,,please,Send,her,to,me,I'll,make,her,happy,Just,wait,and,see,,I've,prayed,so,hard,To,the,heavens,above,That,I,might,find,Someone,to,love,,I'm,just,a,lonely,boy,Lonely,and,blue,I'm,all,alone,With,nothin',to,do,,I've,got,everything;[];5;;Lonely,Boy;https://genius.com/Paul-anka-lonely-boy-lyrics,,,,,,,,,,,,,,,,,,,,,,,,,,,,,,,,,,,,,,,,,,,,,,,,,,,,,,,,,,,,,,,,,,,,,,,,,,,,,,,,,,,,,,,,,,,,,,,,,,,,,,,,,,,,,,,,,,,,,,,,,,,,,,,,,,,,,,,,,,,,,,,,,,,,,,,,,,,,,,,,,,,,,,,,,,,,,,,,,,,,,,,,,,,,,,,,,,,,,,,,,,,,,,,,,,,,,,,,,,,,,,,,,,,,,,,,,,,,,,,,,,,,,,,,,,,,,,,,,,,,,,,,,,,,,,,,,,,,,,,,,,,,,,,,,,,,,,,,,,,,,,,,,,,,,,,,,,,,,,,,,,,,,,,,,,,,,,,,,,,,,,,,,,,,,,,,,,,,,,,,,,,,,,,,,,,,,,,,,,,,,,,,,,,,,,,,,,,,,,,,,,,,,,,,,,,,,,,,,,,,,,,,,,,,,,,,,,,,,,,,,,,,,,,,,,,,,,,,,,,,,,,,,,,,,,,,,,,,,,,,,,,,,,,,,,,,,,,,,,,,,,,,,,,,,,,,,,,,,,,,,,,,,,,,,,,,,,,,,,,,,,,,,,,,,,,,,,,,,,,,,,,,,,,,,,,,,,,,,,,,,,,,,,,,,,,,,,,,,,,,,,,,,,,,,,,,,,,,,,,,,,,,,,,,,,,,,,,,,,,,,,,,,,,,,,,,,,,,,,,,,,,,,,,,,,,,,,,,,,,,,,,,,,,,,,,,,,,,,,,,,,,,,,,,,,,,,,,,,,,,,,,,,,,,,,,,,,,,,,,,,,,,,,,,,,,,,,,,,,,,,,,,,,,,,,,,,,,,,,,,,,,,,,,,,,,,,,,,,,,,,,,,,,,,,,,,,,,,,,,,,,,,,,,,,,,,,,,,,,,,,,,,,,,,,,,,,,,,,,,,,,,,
The,Bobby,Darin,Story;https://genius.com/albums/Bobby-darin/The-bobby-darin-story;Bobby,Darin;[];[Verse,1],Every,night,I,hope,and,pray,A,dream,lover,will,come,my,way,A,girl,to,hold,in,my,arms,And,know,the,magic,of,her,charms,,[Chorus,1],Cause,I,want,(yeah-yeah,,yeah),A,girl,(yeah-yeah,,yeah),To,call,(yeah-yeah,,yeah),My,own,(yeah-yeah,,yeah),I,want,a,dream,lover,So,I,don't,have,to,dream,alone,,[Chorus,2],Dream,lover,,where,are,you,With,a,love,,oh,,so,true,And,the,hand,that,I,can,hold,To,feel,you,near,as,I,grow,old,,[Chorus,1],Cause,I,want,(yeah-yeah,,yeah),A,girl,(yeah-yeah,,yeah),To,call,(yeah-yeah,,yeah),My,own,(yeah-yeah,,yeah),I,want,a,dream,lover,So,I,don't,have,to,dream,alone,,[Bridge],Someday,,I,don't,know,how,I,hope,she'll,hear,my,plea,Some,way,,I,don't,know,how,She'll,bring,her,love,to,me,,[Chorus,2],Dream,lover,,until,then,I'll,go,to,sleep,and,dream,again,That's,the,only,thing,to,do,Till,all,my,lover's,dreams,come,true,,[Chorus,1],Cause,I,want,(yeah-yeah,,yeah),A,girl,(yeah-yeah,,yeah),To,call,(yeah-yeah,,yeah),My,own,(yeah-yeah,,yeah),I,want,a,dream,lover,So,I,don't,have,to,dream,alone,,[Chorus,2],Dream,lover,,until,then,I'll,go,to,sleep,and,dream,again,That's,the,only,thing,to,do,Till,all,my,lover's,dreams,come,true,,[Chorus,1],Cause,I,want,(yeah-yeah,,yeah),A,girl,(yeah-yeah,,yeah),To,call,(yeah-yeah,,yeah),My,own,(yeah-yeah),I,want,a,dream,lover,So,I,don't,have,to,dream,alone,,[Outro],Please,don't,make,me,dream,alone,I,beg,you,don't,make,me,dream,alone,No,,I,don't,wanna,dream,alone;[{'provider':,youtube',,start':,0,,type':,video',,url':,http://www.youtube.com/watch?v=wVHAQX5sSaU'}];6;1959-03-05;Dream,Lover;https://genius.com/Bobby-darin-dream-lover-lyrics,,,,,,,,,,,,,,,,,,,,,,,,,,,,,,,,,,,,,,,,,,,,,,,,,,,,,,,,,,,,,,,,,,,,,,,,,,,,,,,,,,,,,,,,,,,,,,,,,,,,,,,,,,,,,,,,,,,,,,,,,,,,,,,,,,,,,,,,,,,,,,,,,,,,,,,,,,,,,,,,,,,,,,,,,,,,,,,,,,,,,,,,,,,,,,,,,,,,,,,,,,,,,,,,,,,,,,,,,,,,,,,,,,,,,,,,,,,,,,,,,,,,,,,,,,,,,,,,,,,,,,,,,,,,,,,,,,,,,,,,,,,,,,,,,,,,,,,,,,,,,,,,,,,,,,,,,,,,,,,,,,,,,,,,,,,,,,,,,,,,,,,,,,,,,,,,,,,,,,,,,,,,,,,,,,,,,,,,,,,,,,,,,,,,,,,,,,,,,,,,,,,,,,,,,,,,,,,,,,,,,,,,,,,,,,,,,,,,,,,,,,,,,,,,,,,,,,,,,,,,,,,,,,,,,,,,,,,,,,,,,,,,,,,,,,,,,,,,,,,,,,,,,,,,,,,,,,,,,,,,,,,,,,,,,,,,,,,,,,,,,,,,,,,,,,,,,,,,,,,,,,,,,,,,,,,,,,,,,,,,,,,,,,,,,,,,,,,,,,,,,,,,,,,,,,,,,,,,,,,,,,,,,,,,,,,,,,,,,,,,,,,,,,,,,,,,,,,,,,,,,,,,,,,,,,,,,,,,,,,,,,,,,,,,,,,,,,,,,,,,
Sweet,Sounds,By,The,"Browns;https://genius.com/albums/The-browns/Sweet-sounds-by-the-browns;Browns;[];""There's",a,village,,hidden,deep,in,the,valley,Among,the,pine,trees,,half,forlorn,And,there,,on,a,sunny,morning,Little,Jimmy,Brown,was,born,,All,the,chapel,bells,were,ringing,In,the,little,valley,town,And,the,song,that,they,were,singing,Was,for,baby,Jimmy,Brown,,Then,the,little,congregation,Prayed,for,guidance,from,above,Lead,us,not,into,temptation,Bless,this,hour,of,meditation,Guide,him,with,eternal,"love.""""",,There's,a,village,,hidden,deep,in,the,valley,Beneath,the,mountains,high,above,And,there,,twenty,years,thereafter,Jimmy,was,to,meet,his,love,,All,the,chapel,bells,were,ringing,Twas,a,great,day,in,his,life,Cause,the,song,that,they,were,singing,Was,for,Jimmy,and,his,wife,,Then,the,little,congregation,Prayed,for,guidance,from,above,Lead,us,not,into,temptation,Bless,,O,Lord,,this,celebration,May,their,lives,be,filled,with,"love.""""",,From,the,village,,hidden,deep,in,the,valley,One,rainy,morning,dark,and,gray,A,soul,winged,its,way,to,Heaven,Jimmy,Brown,had,passed,away,,Just,one,lonely,bell,was,ringing,In,the,little,valley,town,Twas,farewell,that,it,was,singing,To,our,dear,old,Jimmy,Brown,,And,the,little,congregation,Prayed,for,guidance,from,above,Lead,us,not,into,temptation,May,his,soul,find,the,salvation,Of,thy,great,eternal,"love."""""";[];7;;The",Three,"Bells;https://genius.com/The-browns-the-three-bells-les-trois-cloches-lyrics
The",Fleetwoods:,Greatest,Hits:,Priceless,Collection;https://genius.com/albums/The-fleetwoods/The-fleetwoods-greatest-hits-priceless-collection;Fleetwoods;[];Doo,dooby,doo,Dum,dum,,dum,doo,dum,,dooby,doo,Dum,dum,,dum,doo,dum,,dooby,doo,Dum,dum,,dum,doo,dum,,dooby,doo,Dum,dum,,dum,doo,dum,,dooby,doo,,(Come,softly,,darling),Dum,dum,,dum,doo,dum,,dooby,doo,(Come,softly,,darling),Dum,dum,,dum,doo,dum,,dooby,doo,(Come,softly,,darling),Dum,dum,,dum,doo,dum,,dooby,doo,(Come,softly,,darling),Dum,dum,,dum,doo,dum,,dooby,doo,,(Come,softly,,darling),Dum,dum,,dum,doo,dum,,dooby,doo,(Come,to,me,,stay),Dum,dum,,dum,doo,dum,,dooby,doo,(You're,my,obsession),Dum,dum,,dum,doo,dum,,dooby,doo,(Forever,and,a,day),Dum,dum,,dum,doo,dum,,dooby,doo,,I,want,,want,you,to,know,,dooby,do,I,love,,I,love,you,so,,doby,do,Please,hold,,hold,me,so,tight,,dooby,do,All,through,,all,through,the,night,,dooby,do,,(I,speak,softly,,darling),Dum,dum,,dum,doo,dum,,dooby,doo,(Hear,what,I,say),Dum,dum,,dum,doo,dum,,dooby,doo,(I,love,you,always),Dum,dum,,dum,doo,dum,,dooby,doo,(Always,,always),Dum,dum,,dum,doo,dum,,dooby,doo,,I've,waited,,waited,so,long,,dooby,do,For,your,kisses,and,your,love,,dooby,do,Please,come,,come,to,me,,dooby,do,From,up,,from,up,above,,dooby,do,,(Come,softly,,darling),I,want,,want,you,to,know,,dooby,do,(Come,softly,,darling),I,love,,I,love,you,so,,dooby,do,(Come,softly),I,need,,Ineed,you,so,much,,dooby,do,(Come,softly),Want,to,feel,your,warm,,warm,touch,,dooby,do,,Dum,dum,,dum,doo,dum,,dooby,doo,Dum,dum,,dum,doo,dum,,dooby,doo,Dum,dum,,dum,doo,dum,,dooby,doo,Dum,dum,,dum,doo,dum,,dooby,doo,,Dum,dum,,dum,doo,dum,,dooby,doo,Dum,dum,,dum,doo,dum,,dooby,doo,Dum,dum,,dum,doo,dum,,dooby,doo;[];8;;Come,Softly,To,"Me;https://genius.com/The-fleetwoods-come-softly-to-me-lyrics
Let‚Äôs",Work,Together;https://genius.com/albums/Wilbert-harrison/Let-s-work-together;Wilbert,Harrison;[];I'm,going,to,Kansas,City,Kansas,City,here,I,come,I'm,going,to,Kansas,City,Kansas,City,here,I,come,They,got,some,crazy,little,women,there,And,I'm,gonna,get,me,one,,I'll,be,standing,on,the,corner,On,the,corner,of,Twelfth,Street,and,Vine,I'm,gonna,be,standing,on,the,corner,On,the,corner,of,Twelfth,Street,and,Vine,With,my,Kansas,City,baby,And,a,bottle,of,Kansas,City,wine,,Well,I,might,take,a,train,I,might,take,a,plane,But,if,I,have,to,walk,I'm,gonna,get,there,just,the,same,I'm,going,to,Kansas,City,Kansas,City,here,I,come,They,got,some,crazy,little,women,there,And,I'm,gonna,get,me,one,,I'm,gonna,pack,my,clothes,Leave,at,the,break,of,dawn,I'm,gonna,pack,my,clothes,Everybody,will,be,sleeping,Nobody,will,know,where,I've,gone,Cause,if,I,stay,in,town,I,know,I'm,gonna,die,Gotta,find,a,friendly,city,And,that's,the,reason,why,I'm,going,to,Kansas,City,Kansas,City,here,I,come,They,got,some,crazy,little,women,there,And,I'm,gonna,get,me,one;[{'provider':,youtube',,start':,0,,type':,video',,url':,http://www.youtube.com/watch?v=pDuuaGhyXbU'}];9;;Kansas,"City;https://genius.com/Wilbert-harrison-kansas-city-lyrics
The",Fleetwoods:,Greatest,Hits:,Priceless,Collection;https://genius.com/albums/The-fleetwoods/The-fleetwoods-greatest-hits-priceless-collection;Fleetwoods;[];Our,guardian,star,lost,all,his,glow,The,day,that,I,lost,you,He,lost,all,his,glitter,the,day,you,said,no,And,his,silver,turned,to,blue,,Like,him,,I,am,doubtful,That,your,love,is,true,But,if,you,decide,to,call,on,me,Ask,for,Mr.,Blue,,I'm,Mr.,Blue,When,you,say,you,love,me,Then,prove,it,by,going,out,on,the,sly,Proving,your,love,isn't,true,Call,me,Mr.,Blue,,I'm,Mr.,Blue,When,you,say,you're,sorry,Then,turn,around,,heading,for,the,lights,of,town,Hurtin',me,through,and,through,Call,me,Mr.,Blue,,I,stay,at,home,at,night,Right,by,the,phone,at,night,But,you,won't,call,And,I,won't,hurt,my,pride,Call,me,Mr,,I,won't,tell,you,While,you,paint,the,town,A,bright,red,to,turn,it,upside,down,I'm,painting,it,too,,But,I'm,painting,it,blue,Call,me,Mr.,Blue
Ricky,Sings,Again;https://genius.com/albums/Ricky-nelson/Ricky-sings-again;Ricky,Nelson;[];There'll,never,be,anyone,else,But,you,for,me,Never,ever,be,Just,couldn't,be,Anyone,else,but,you,,If,I,could,take,my,pick,Of,all,the,girls,I've,ever,known,Then,I'd,come,and,pick,you,Out,to,be,my,very,own,,There'll,never,be,anyone,else,But,you,for,me,Never,ever,be,Just,couldn't,be,Anyone,else,but,you,,A,heart,that's,true,and,longs,for,you,Is,all,I,have,to,give,All,my,love,belongs,to,you,As,long,as,I,may,live,,There'll,never,be,anyone,else,But,you,for,me,Never,ever,be,Just,couldn't,be,Anyone,else,but,you,,I,never,will,forget,the,way,you,kiss,me,And,when,we're,not,together,I,wonder,if,you've,missed,me,,Cause,I,hope,and,pray,The,day,will,come,When,you,belong,to,me,Then,I'm,gonna,prove,to,you,How,true,my,love,can,be,,There'll,never,be,anyone,else,But,you,for,me,Never,ever,be,Just,couldn't,be,Anyone,else,but,you,,Mm,,mm,,mm,,mm,Mm,,mm,,mm,Mm,,mm,,mm;[];42;;Never,Be,Anyone,Else,But,You;https://genius.com/Ricky-nelson-never-be-anyone-else-but-you-alternate-2-lyrics,,,,,,,,,,,,,,,,,,,,,,,,,,,,,,,,,,,,,,,,,,,,,,,,,,,,,,,,,,,,,,,,,,,,,,,,,,,,,,,,,,,,,,,,,,,,,,,,,,,,,,,,,,,,,,,,,,,,,,,,,,,,,,,,,,,,,,,,,,,,,,,,,,,,,,,,,,,,,,,,,,,,,,,,,,,,,,,,,,,,,,,,,,,,,,,,,,,,,,,,,,,,,,,,,,,,,,,,,,,,,,,,,,,,,,,,,,,,,,,,,,,,,,,,,,,,,,,,,,,,,,,,,,,,,,,,,,,,,,,,,,,,,,,,,,,,,,,,,,,,,,,,,,,,,,,,,,,,,,,,,,,,,,,,,,,,,,,,,,,,,,,,,,,,,,,,,,,,,,,,,,,,,,,,,,,,,,,,,,,,,,,,,,,,,,,,,,,,,,,,,,,,,,,,,,,,,,,,,,,,,,,,,,,,,,,,,,,,,,,,,,,,,,,,,,,,,,,,,,,,,,,,,,,,,,,,,,,,,,,,,,,,,,,,,,,,,,,,,,,,,,,,,,,,,,,,,,,,,,,,,,,,,,,,,,,,,,,,,,,,,,,,,,,,,,,,,,,,,,,,,,,,,,,,,,,,,,,,,,,,,,,,,,,,,,,,,,,,,,,,,,,,,,,,,,,,,,,,,,,,,,,,,,,,,,,,,,,,,,,,,,,,,,,,,,,,,,,,,,,,,,,,,,,,,,,,,,,,,,,,,,,,,,,,,,,,,,,,,,,,,,,,,,,,,,,,,,,,,,,,,,,,,,,,,,,,,,,,,,,,,,,,,,,,,,,,,,,,,,,,,,,,,,,,,,,,,,,,,,,,,,,,,,,,,,,,,,,,,,,,,,,,,,,,,,,,,,,,,,
Swing;,Slow/Cha,Cha,Cha;https://genius.com/albums/Della-reese/Swing-slow-cha-cha-cha;Della,Reese;[];Don't,you,know,I,have,fallen,in,love,with,you,For,the,rest,of,my,whole,life,through,,Don't,you,know,I,was,yours,from,the,very,day,That,you,happened,to,come,my,way,,Can't,you,see,I'm,under,your,spell,By,the,look,in,my,eyes,Can't,you,tell,,can't,you,tell,,Now,,don't,you,know,Every,beat,of,my,heart,keeps,crying,out,I,love,you,so,Don't,you,know,,Don't,you,know,Every,beat,of,my,heart,keeps,crying,out,I,love,you,so,Don't,you,know;[];43;;Don't,You,Know,,,,,,,,,,,,,,,,,,,,,,,,,,,,,,,,,,,,,,,,,,,,,,,,,,,,,,,,,,,,,,,,,,,,,,,,,,,,,,,,,,,,,,,,,,,,,,,,,,,,,,,,,,,,,,,,,,,,,,,,,,,,,,,,,,,,,,,,,,,,,,,,,,,,,,,,,,,,,,,,,,,,,,,,,,,,,,,,,,,,,,,,,,,,,,,,,,,,,,,,,,,,,,,,,,,,,,,,,,,,,,,,,,,,,,,,,,,,,,,,,,,,,,,,,,,,,,,,,,,,,,,,,,,,,,,,,,,,,,,,,,,,,,,,,,,,,,,,,,,,,,,,,,,,,,,,,,,,,,,,,,,,,,,,,,,,,,,,,,,,,,,,,,,,,,,,,,,,,,,,,,,,,,,,,,,,,,,,,,,,,,,,,,,,,,,,,,,,,,,,,,,,,,,,,,,,,,,,,,,,,,,,,,,,,,,,,,,,,,,,,,,,,,,,,,,,,,,,,,,,,,,,,,,,,,,,,,,,,,,,,,,,,,,,,,,,,,,,,,,,,,,,,,,,,,,,,,,,,,,,,,,,,,,,,,,,,,,,,,,,,,,,,,,,,,,,,,,,,,,,,,,,,,,,,,,,,,,,,,,,,,,,,,,,,,,,,,,,,,,,,,,,,,,,,,,,,,,,,,,,,,,,,,,,,,,,,,,,,,,,,,,,,,,,,,,,,,,,,,,,,,,,,,,,,,,,,,,,,,,,,,,,,,,,,,,,,,,,,,,,,,,,,,,,,,,,,,,,,,,,,,,,,,,,,,,,,,,,,,,,,,,,,,,,,,,,,,,,,,,,,,,,,,,,,,,,,,,,,,,,,,,,,,,,,,,,,,,,,,,,,,,,,,,,,,,,,,,,,,,,,,,,,,,,,,,,,,,,,,,,,,,,,,,,,,,,,,,,,,,,,,,,,,,,,,,,,,,,,,,,,,,,,,,,,,,,,,,,,,,,,,,,,,,,,,,,,,,,,,,,,
50;000;000,Elvis,Fans,Can‚Äôt,Be,Wrong,(Elvis‚Äô,Gold,Records;,Vol.,2);https://genius.com/albums/Elvis-presley/50-000-000-elvis-fans-can-t-be-wrong-elvis-gold-records-vol-2;Elvis,Presley;[];[Verse,1],Oh,,oh,,I,love,you,so,Uh,,uh,,can't,let,you,go,Ooh,,ooh,,don't,tell,me,no,I,need,your,love,tonight,,[Verse,2],Oh,,gee,,the,way,you,kiss,Sweedee,,too,good,to,miss,Wow-whee,,want,more,of,this,I,need,your,love,tonight,,[Verse,3],I've,been,waiting,just,for,tonight,To,do,some,loving,and,hold,you,tight,Don't,tell,me,baby,you,gotta,go,I,got,the,hi-fi,high,and,the,lights,down,low,,[Outro],Hey,,now,,hear,what,I,say,Oh,,wow,,you,better,stay,POW,,POW,,don't,run,away,I,need,your,love,tonight;[{'provider':,youtube',,start':,0,,type':,video',,url':,http://www.youtube.com/watch?v=FhJEq7H0HQc'}];44,,,,,,,,,,,,,,,,,,,,,,,,,,,,,,,,,,,,,,,,,,,,,,,,,,,,,,,,,,,,,,,,,,,,,,,,,,,,,,,,,,,,,,,,,,,,,,,,,,,,,,,,,,,,,,,,,,,,,,,,,,,,,,,,,,,,,,,,,,,,,,,,,,,,,,,,,,,,,,,,,,,,,,,,,,,,,,,,,,,,,,,,,,,,,,,,,,,,,,,,,,,,,,,,,,,,,,,,,,,,,,,,,,,,,,,,,,,,,,,,,,,,,,,,,,,,,,,,,,,,,,,,,,,,,,,,,,,,,,,,,,,,,,,,,,,,,,,,,,,,,,,,,,,,,,,,,,,,,,,,,,,,,,,,,,,,,,,,,,,,,,,,,,,,,,,,,,,,,,,,,,,,,,,,,,,,,,,,,,,,,,,,,,,,,,,,,,,,,,,,,,,,,,,,,,,,,,,,,,,,,,,,,,,,,,,,,,,,,,,,,,,,,,,,,,,,,,,,,,,,,,,,,,,,,,,,,,,,,,,,,,,,,,,,,,,,,,,,,,,,,,,,,,,,,,,,,,,,,,,,,,,,,,,,,,,,,,,,,,,,,,,,,,,,,,,,,,,,,,,,,,,,,,,,,,,,,,,,,,,,,,,,,,,,,,,,,,,,,,,,,,,,,,,,,,,,,,,,,,,,,,,,,,,,,,,,,,,,,,,,,,,,,,,,,,,,,,,,,,,,,,,,,,,,,,,,,,,,,,,,,,,,,,,,,,,,,,,,,,,,,,,,,,,,,,,,,,,,,,,,,,,,,,,,,,,,,,,,,,,,,,,,,,,,,,,,,,,,,,,,,,,,,,,,,,,,,,,,,,,,,,,,,,,,,,,,,,,,,,,,,,,,,,,,,,,,,,,,,,,,,,,,,,,,,,,,,,,,,,,,,,,,,,,,,,,,,,,,,,,,,,,,,,,,,,,,,,,,,,,,,
It‚Äôs,Magic;https://genius.com/albums/Dinah-washington/It-s-magic;Dinah,Washington;[];What,a,diff'rence,a,day,made,Twenty-four,little,hours,Brought,the,sun,and,the,flowers,Where,there,used,to,be,rain,My,yesterday,was,blue,,dear,Today,I'm,part,of,you,,dear,My,lonely,nights,are,through,,dear,Since,you,said,you,were,mine,,What,a,diff'rence,a,day,makes,There's,a,rainbow,before,me,Skies,above,can't,be,stormy,Since,that,moment,of,bliss,That,thrilling,kiss,It's,heaven,when,you,Find,romance,on,your,menu,What,a,diff'rence,a,day,made,And,the,difference,is,you,,What,a,diff'rence,a,day,makes,There's,a,rainbow,before,me,Skies,above,can't,be,stormy,Since,that,moment,of,bliss,That,thrilling,kiss,It's,heaven,when,you,Find,romance,on,your,menu,What,a,diff'rence,a,day,made,And,the,difference,is,you;[{'provider':,youtube',,start':,0,,type':,video',,url':,http://www.youtube.com/watch?v=FFNqTStUDYk'}];45;;What,A,Diff'rence,A,Day,Makes;https://genius.com/Dinah-washington-what-a-difference-a-day-makes-lyrics,,,,,,,,,,,,,,,,,,,,,,,,,,,,,,,,,,,,,,,,,,,,,,,,,,,,,,,,,,,,,,,,,,,,,,,,,,,,,,,,,,,,,,,,,,,,,,,,,,,,,,,,,,,,,,,,,,,,,,,,,,,,,,,,,,,,,,,,,,,,,,,,,,,,,,,,,,,,,,,,,,,,,,,,,,,,,,,,,,,,,,,,,,,,,,,,,,,,,,,,,,,,,,,,,,,,,,,,,,,,,,,,,,,,,,,,,,,,,,,,,,,,,,,,,,,,,,,,,,,,,,,,,,,,,,,,,,,,,,,,,,,,,,,,,,,,,,,,,,,,,,,,,,,,,,,,,,,,,,,,,,,,,,,,,,,,,,,,,,,,,,,,,,,,,,,,,,,,,,,,,,,,,,,,,,,,,,,,,,,,,,,,,,,,,,,,,,,,,,,,,,,,,,,,,,,,,,,,,,,,,,,,,,,,,,,,,,,,,,,,,,,,,,,,,,,,,,,,,,,,,,,,,,,,,,,,,,,,,,,,,,,,,,,,,,,,,,,,,,,,,,,,,,,,,,,,,,,,,,,,,,,,,,,,,,,,,,,,,,,,,,,,,,,,,,,,,,,,,,,,,,,,,,,,,,,,,,,,,,,,,,,,,,,,,,,,,,,,,,,,,,,,,,,,,,,,,,,,,,,,,,,,,,,,,,,,,,,,,,,,,,,,,,,,,,,,,,,,,,,,,,,,,,,,,,,,,,,,,,,,,,,,,,,,,,,,,,,,,,,,,,,,,,,,,,,,,,,,,,,,,,,,,,,,,,,,,,,,,,,,,,,,,,,,,,,,,,,,,,,,,,,,,,,,,,,,,,,,,,,,,,,,,,,,,,,,,,,,,,,,,,,,,,,,,,,,,,,,,,,,,,,,,,,,,,,,,,,,,,,,,,,,,,,,,,,,,,,,,,,,,,,,,,,,,,
Ulysses;https://genius.com/albums/James-joyce/Ulysses;Bill,"Parsons;[];""Pineapple",rock,,lemon,platt,,butter,scotch.,A,sugarsticky,girl,shovelling,scoopfuls,of,creams,for,a,christian,brother.,Some,school,treat.,Bad,for,their,tummies.,Lozenge,and,comfit,manufacturer,to,His,Majesty,the,King.,God.,Save.,Our.,Sitting,on,his,throne,sucking,red,jujubes,white.,,A,sombre,Y.M.C.A.,young,man,,watchful,among,the,warm,sweet,fumes,of,Graham,Lemon's,,placed,a,throwaway,in,a,hand,of,Mr,Bloom.,,Heart,to,heart,talks.,,Bloo...,Me?,No.,,Blood,of,the,Lamb.,,His,slow,feet,walked,him,riverward,,reading.,Are,you,saved?,All,are,washed,in,the,blood,of,the,lamb.,God,wants,blood,victim.,Birth,,hymen,,martyr,,war,,foundation,of,a,building,,sacrifice,,kidney,burntoffering,,druids',altars.,Elijah,is,coming.,Dr,John,Alexander,Dowie,restorer,of,the,church,in,Zion,is,coming.,,Is,coming!,Is,coming!!,Is,coming!!!,All,heartily,welcome.,Paying,game.,Torry,and,Alexander,last,year.,Polygamy.,His,wife,will,put,the,stopper,on,that.,Where,was,that,ad,some,Birmingham,firm,the,luminous,crucifix.,Our,Saviour.,Wake,up,in,the,dead,of,night,and,see,him,on,the,wall,,hanging.,Pepper's,ghost,idea.,Iron,nails,ran,in.,,Phosphorus,it,must,be,done,with.,If,you,leave,a,bit,of,codfish,for,instance.,I,could,see,the,bluey,silver,over,it.,Night,I,went,down,to,the,pantry,in,the,kitchen.,Don't,like,all,the,smells,in,it,waiting,to,rush,out.,What,was,it,she,wanted?,The,Malaga,raisins.,Thinking,of,Spain.,Before,Rudy,was,born.,The,phosphorescence,,that,bluey,greeny.,Very,good,for,the,brain.,,From,Butler's,monument,house,corner,he,glanced,along,Bachelor's,walk.,Dedalus',daughter,there,still,outside,Dillon's,auctionrooms.,Must,be,selling,off,some,old,furniture.,Knew,her,eyes,at,once,from,the,father.,Lobbing,about,waiting,for,him.,Home,always,breaks,up,when,the,mother,goes.,Fifteen,children,he,had.,Birth,every,year,almost.,That's,in,their,theology,or,the,priest,won't,give,the,poor,woman,the,confession,,the,absolution.,Increase,and,multiply.,Did,you,ever,hear,such,an,idea?,Eat,you,out,of,house,and,home.,No,families,themselves,to,feed.,Living,on,the,fat,of,the,land.,Their,butteries,and,larders.,I'd,like,to,see,them,do,the,black,fast,Yom,Kippur.,Crossbuns.,One,meal,and,a,collation,for,fear,he'd,collapse,on,the,altar.,A,housekeeper,of,one,of,those,fellows,if,you,could,pick,it,out,of,her.,Never,pick,it,out,of,her.,Like,getting,l.s.d.,out,of,him.,Does,himself,well.,No,guests.,All,for,number,one.,Watching,his,water.,Bring,your,own,bread,and,butter.,His,reverence:,mum's,the,word.,,Good,Lord,,that,poor,child's,dress,is,in,flitters.,Underfed,she,looks,too.,Potatoes,and,marge,,marge,and,potatoes.,It's,after,they,feel,it.,Proof,of,the,pudding.,Undermines,the,constitution.,,As,he,set,foot,on,O'Connell,bridge,a,puffball,of,smoke,plumed,up,from,the,parapet.,Brewery,barge,with,export,stout.,England.,Sea,air,sours,it,,I,heard.,Be,interesting,some,day,get,a,pass,through,Hancock,to,see,the,brewery.,Regular,world,in,itself.,Vats,of,porter,wonderful.,Rats,get,in,too.,Drink,themselves,bloated,as,big,as,a,collie,floating.,Dead,drunk,on,the,porter.,Drink,till,they,puke,again,like,christians.,Imagine,drinking,that!,Rats:,vats.,Well,,of,course,,if,we,knew,all,the,things.,,Looking,down,he,saw,flapping,strongly,,wheeling,between,the,gaunt,quaywalls,,gulls.,Rough,weather,outside.,If,I,threw,myself,down?,Reuben,J's,son,must,have,swallowed,a,good,bellyful,of,that,sewage.,One,and,eightpence,too,much.,Hhhhm.,It's,the,droll,way,he,comes,out,with,the,things.,Knows,how,to,tell,a,story,too.,,They,wheeled,lower.,Looking,for,grub.,Wait.,,He,threw,down,among,them,a,crumpled,paper,ball.,Elijah,thirtytwo,feet,per,sec,is,com.,Not,a,bit.,The,ball,bobbed,unheeded,on,the,wake,of,swells,,floated,under,by,the,bridgepiers.,Not,such,damn,fools.,Also,the,day,I,threw,that,stale,cake,out,of,the,Erin's,King,picked,it,up,in,the,wake,fifty,yards,astern.,Live,by,their,wits.,They,wheeled,,flapping.,,The,hungry,famished,gull,Flaps,o'er,the,waters,dull.,,That,is,how,poets,write,,the,similar,sounds.,But,then,Shakespeare,has,no,rhymes:,blank,verse.,The,flow,of,the,language,it,is.,The,thoughts.,Solemn.,,Hamlet,,I,am,thy,father's,spirit,Doomed,for,a,certain,time,to,walk,the,earth.,‚ÄîTwo,apples,a,penny!,Two,for,a,penny!,,His,gaze,passed,over,the,glazed,apples,serried,on,her,stand.,Australians,they,must,be,this,time,of,year.,Shiny,peels:,polishes,them,up,with,a,rag,or,a,handkerchief.,,Wait.,Those,poor,birds.,,He,halted,again,and,bought,from,the,old,applewoman,two,Banbury,cakes,for,a,penny,and,broke,the,brittle,paste,and,threw,its,fragments,down,into,the,Liffey.,See,that?,The,gulls,swooped,silently,,two,,then,all,from,their,heights,,pouncing,on,prey.,Gone.,Every,morsel.,,Aware,of,their,greed,and,cunning,he,shook,the,powdery,crumb,from,his,hands.,They,never,expected,that.,Manna.,Live,on,fish,,fishy,flesh,they,have,,all,seabirds,,gulls,,seagoose.,Swans,from,Anna,Liffey,swim,down,here,sometimes,to,preen,themselves.,No,accounting,for,tastes.,Wonder,what,kind,is,swanmeat.,Robinson,Crusoe,had,to,live,on,them.,,They,wheeled,flapping,weakly.,I'm,not,going,to,throw,any,more.,Penny,quite,enough.,Lot,of,thanks,I,get.,Not,even,a,caw.,They,spread,foot,and,mouth,disease,too.,If,you,cram,a,turkey,say,on,chestnutmeal,it,tastes,like,that.,Eat,pig,like,pig.,But,then,why,is,it,that,saltwater,fish,are,not,salty?,How,is,that?,,His,eyes,sought,answer,from,the,river,and,saw,a,rowboat,rock,at,anchor,on,the,treacly,swells,lazily,its,plastered,board.,,Kino's,11/-,Trousers,,Good,idea,that.,Wonder,if,he,pays
as,he,saying?,The,ends,of,the,world,with,a,Scotch,accent.,Tentacles:,octopus.,Something,occult:,symbolism.,Holding,forth.,She's,taking,it,all,in.,Not,saying,a,word.,To,aid,gentleman,in,literary,work.,,His,eyes,followed,the,high,figure,in,homespun;;;;;;;;;,,,,,,,,,,,,,,,,,,,,,,,,,,,,,,,,,,,,,,,,,,,,,,,,,,,,,,,,,,,,,,,,,,,,,,,,,,,,,,,,,,,,,,,,,,,,,,,,,,,,,,,,,,,,,,,,,,,,,,,,,,,,,,,,,,,,,,,,,,,,,,,,,,,,,,,,,,,,,,,,,,,,,,,,,,,,,,,,,,,,,,,,,,,,,,,,,,,,,,,,,,,,,,,,,,,,,,,,,,,,,,,,,,,,,,,,,,,,,,,,,,,,,,,,,,,,,,,,,,,,,,,,,,,,,,,,,,,,,,,,,,,,,,,,,,,,,,,,,,,,,,,,,,,,,,,,,,,,,,,,,,,,,,,,,,,,,,,,,,,,,,,,,,,,,,,,,,,,,,,,,,,,,,,,,,,,,,,,,,,,,,,,,,,,,,,,,,,,,,,,,,,,,,,,,,,,,,,,,,,,,,,,,,,,,,,,,,,,,,,,,,,,,,,,,,,,,,,,,,,,,,,,,,,,,,,,,,,,,,,,,,,,,,,,,,,,,,,,,,,,,,,,,,,,,,,,,,,,,,,,,,,,,,,,,,,,,,,,,,,,,,,,,,,,,,,,,,,,,,,,,,,,,,,,,,,,,,,,,,,,,,,,,,,,,,,,,,,,,,,,,,,,,,,,,,,,,,,,,,,,,,,,,,,,,,,,,,,,,,,,,,,,,,,,,,,,,,,,,,,,,,,,,,,,,,,,,,,,,,,,,,,,,,,,,,,,,,,,,,,,,,,,,,,,,,,,,,,,,,,,,,,,,,,,,,,,,,,,,,,,,,,,,,,,,,,,,,,,,,,,,,,,,,,,,,,,,,,,,,,,,,,,,,,,,,,,,,,,,,,,,,,,,,,,,,,,,,,,,,,,,,,,,,,,,,,,,,,,,,,,,,,,,,,,,,,,,,,,,,,,,,,,,,,,,,,,,,,,,,,,,,,,,,,,,,,,,,,,,,,,,,,,,,,,,,,,,,,,,,,,,,,,,,,,,,,,,,,,,,,,,,,,,,,,,,,,,,,,,,,,,,,,,,,,,,,,,,,,,,,,,
e,rain,kept,off.,,No,answer.,,Stains,on,his,coat.,Slobbers,his,food;,I,suppose.,Tastes,all,different,for,him.,Have,to,be,spoonfed,first.,Like,a,child's,hand;,his,hand.,Like,Milly's,was.,Sensitive.,Sizing,me,up,I,daresay,from,my,hand.,Wonder,if,he,has,a,name.,Van.,Keep,his,cane,clear,of,the,horse's,legs:,tired,drudge,get,his,doze.,That's,right.,Clear.,Behind,a,bull:,in,front,of,a,horse.,,‚ÄîThanks;,sir.,,Knows,I'm,a,man.,Voice.,,‚ÄîRight,now?,First,turn,to,the,left.,,The,blind,stripling,tapped,the,curbstone,and,went,on,his,way;,drawing,his,cane,back;,feeling,again.,,Mr,Bloom,walked,behind,the,eyeless,feet;,a,flatcut,suit,of,herringbone,tweed.,Poor,young,fellow!,How,on,earth,did,he,know,that,van,was,there?,Must,have,felt,it.,See,things,in,their,forehead,perhaps:,kind,of,sense,of,volume.,Weight,or,size,of,it;,something,blacker,than,the,dark.,Wonder,would,he,feel,it,if,something,was,removed.,Feel,a,gap.,Queer,idea,of,Dublin,he,must,have;,tapping,his,way,round,by,the,stones.,Could,he,walk,in,a,beeline,if,he,hadn't,that,cane?,Bloodless,pious,face,like,a,fellow,going,in,to,be,a,priest.,,Penrose!,That,was,that,chap's,name.,,Look,at,all,the,things,they,can,learn,to,do.,Read,with,their,fingers.,Tune,pianos.,Or,we,are,surprised,they,have,any,brains.,Why,we,think,a,deformed,person,or,a,hunchback,clever,if,he,says,something,we,might,say.,Of,course,the,other,senses,are,more.,Embroider.,Plait,baskets.,People,ought,to,help.,Workbasket,I,could,buy,for,Molly's,birthday.,Hates,sewing.,Might,take,an,objection.,Dark,men,they,call,them.,,Sense,of,smell,must,be,stronger,too.,Smells,on,all,sides;,bunched,together.,Each,street,different,smell.,Each,person,too.,Then,the,spring,,,,,,,,,,,,,,,,,,,,,,,,,,,,,,,,,,,,,,,,,,,,,,,,,,,,,,,,,,,,,,,,,,,,,,,,,,,,,,,,,,,,,,,,,,,,,,,,,,,,,,,,,,,,,,,,,,,,,,,,,,,,,,,,,,,,,,,,,,,,,,,,,,,,,,,,,,,,,,,,,,,,,,,,,,,,,,,,,,,,,,,,,,,,,,,,,,,,,,,,,,,,,,,,,,,,,,,,,,,,,,,,,,,,,,,,,,,,,,,,,,,,,,,,,,,,,,,,,,,,,,,,,,,,,,,,,,,,,,,,,,,,,,,,,,,,,,,,,,,,,,,,,,,,,,,,,,,,,,,,,,,,,,,,,,,,,,,,,,,,,,,,,,,,,,,,,,,,,,,,,,,,,,,,,,,,,,,,,,,,,,,,,,,,,,,,,,,,,,,,,,,,,,,,,,,,,,,,,,,,,,,,,,,,,,,,,,,,,,,,,,,,,,,,,,,,,,,,,,,,,,,,,,,,,,,,,,,,,,,,,,,,,,,,,,,,,,,,,,,,,,,,,,,,,,,,,,,,,,,,,,,,,,,,,,,,,,,,,,,,,,,,,,,,,,,,,,,,,,,,,,,,,,,,,,,,,,,,,,,,,,,,,,,,,,,,,,,,,,,,,,,,,,,,,,,,,,,,,,,,,,,,,,,,,,,,,,,,,,,,,,,,,,,,,,,,,,,,,,,,,,,,,,,,,,,,,,,,,,,,,,,,,,,,,,,,,,,,,,,,,,,,,,,
ÔË‚ÂÚ!,Wallace;[];Primrose,Lane,,life's,a,holiday,on,Primrose,Lane,Just,a,holiday,on,Primrose,Lane,with,you,,Can't,explain,when,we're,walkin',down,the,Primrose,Lane,Even,roses,bloomin',in,the,rain,with,you,,Sweet,perfume,Those,little,old,roses,bloom,And,I,want,to,walk,with,you,my,whole,life,through,,Primrose,Lane,,life's,a,holiday,on,Primrose,Lane,Just,a,holiday,on,Primrose,Lane,with,you,,Sweet,perfume,Those,little,old,roses,bloom,And,I,want,to,walk,with,you,my,whole,life,through,,Primrose,Lane,,life's,a,holiday,on,Primrose,Lane,Just,a,holiday,on,Primrose,Lane,with,you,,Wi-i-i-th,you,Wi-i-i-th,you,Fade,Wi-i-i-th,you;[];47;;Primrose,Lane;https://genius.com/Jerry-wallace-primrose-lane-lyrics,,,,,,,,,,,,,,,,,,,,,,,,,,,,,,,,,,,,,,,,,,,,,,,,,,,,,,,,,,,,,,,,,,,,,,,,,,,,,,,,,,,,,,,,,,,,,,,,,,,,,,,,,,,,,,,,,,,,,,,,,,,,,,,,,,,,,,,,,,,,,,,,,,,,,,,,,,,,,,,,,,,,,,,,,,,,,,,,,,,,,,,,,,,,,,,,,,,,,,,,,,,,,,,,,,,,,,,,,,,,,,,,,,,,,,,,,,,,,,,,,,,,,,,,,,,,,,,,,,,,,,,,,,,,,,,,,,,,,,,,,,,,,,,,,,,,,,,,,,,,,,,,,,,,,,,,,,,,,,,,,,,,,,,,,,,,,,,,,,,,,,,,,,,,,,,,,,,,,,,,,,,,,,,,,,,,,,,,,,,,,,,,,,,,,,,,,,,,,,,,,,,,,,,,,,,,,,,,,,,,,,,,,,,,,,,,,,,,,,,,,,,,,,,,,,,,,,,,,,,,,,,,,,,,,,,,,,,,,,,,,,,,,,,,,,,,,,,,,,,,,,,,,,,,,,,,,,,,,,,,,,,,,,,,,,,,,,,,,,,,,,,,,,,,,,,,,,,,,,,,,,,,,,,,,,,,,,,,,,,,,,,,,,,,,,,,,,,,,,,,,,,,,,,,,,,,,,,,,,,,,,,,,,,,,,,,,,,,,,,,,,,,,,,,,,,,,,,,,,,,,,,,,,,,,,,,,,,,,,,,,,,,,,,,,,,,,,,,,,,,,,,,,,,,,,,,,,,,,,,,,,,,,,,,,,,,,,,,,,,,,,,,,,,,,,,,,,,,,,,,,,,,,,,,,,,,,,,,,,,,,,,,,,,,,,,,,,,,,,,,,,,,,,,,,,,,,,,,,,,,,,,,,,,,,,,,,,,,,,,,,,,,,,,,,,,,,,,,,,,,,,,,,,,,,,,,,,,,,,,,,,,,,,,,,,,,,,,,,,,,,,,,,
Let‚Äôs,All,Sing,with,the,Chipmunks;https://genius.com/albums/Alvin-and-the-chipmunks/Let-s-all-sing-with-the-chipmunks;David,Seville,and,The,"Chipmunks;[];""[Alvin",plays,his,harmonica],,[Dave,,speaking],Alvin,,put,that,harmonica,down,,[Alvin,,speaking],Why?,,[Dave,,speaking],Because,we're,gonna,sing,,that's,why!,,[Alvin,,speaking],Not,again!,,[Dave,,speaking],Nevermind,Now,look,fellas,,this,is,a,pretty,song,So,let's,try,not,to,goof,it,up,Are,you,ready,,Simon?,,[Simon,,speaking],Sure,,let's,go!,,[Dave,,speaking],All,set,,Theodore?,,[Theodore,,speaking],Hot,dog,,you,bet!,,[Dave,,speaking],Are,you,ready,,Alvin?,,[Alvin,plays,his,harmonica],,[Dave,,speaking],Ready,,Alvin?,,[Alvin,keeps,playing],,[Dave,,shouting],ALVIN!,,[Alvin,,speaking],Aw,,nuts!,,[Chipmunks],We,sure,like,girls,All,kind,of,girls,From,Annie,to,Veronica!,We,like,em,small,or,fat,or,tall...,,[Alvin],I,wanna,play,my,harmonica!,,[Dave,,speaking],Now,cut,that,out!,,[Chipmunks],And,if,we,want,to,get,a,kiss,We,take,them,fruit,or,popcorn,Because,they,always,fall,in,love...,,[Alvin],When,I,play,my,harmoni-corn!,,[Dave,,shouting],Alvin!,,[Instrumental,Interlude],,[Alvin,plays,his,harmonica],,[Dave,,speaking],Will,you,put,that,thing,down,and,sing?,,[Alvin,,shouting],OK!,,[Chipmunks],We,sure,like,girls,All,kind,of,girls,From,Annie,to,Veronica,We,like,em,small,or,fat,or,tall...,,[Alvin],I'm,gonna,play,my,harmonica!,,[Dave,,speaking],All,right,,Alvin,Make,a,fool,of,yourself,Play,the,harmonica,,[Alvin,plays,few,bars,of,harmonica,music,,orchestra,joining,in],,[Simon,and,Theodore],Cha-cha-cha!,,[Dave,,speaking],Now,wait,a,minute,,you,guys!,Alvin,,you're,goofing,it,all,up!,This,was,a,pretty,song,It's,not,supposed,to,be,a...,,[Simon,and,Theodore],Cha-cha-cha!,,[Alvin,continues,to,play],,[Simon,and,Theodore,continue,with,"cha-cha-cha""""",while,Dave,speaks],,[Dave,,speaking;,getting,increasingly,irritated],Now,look,what,you,did!,You,got,them,all,cha-chaing,and,singing,and,wrecking,the,song!,Theodore...,Simon...,"orchestra"";;;;;
Lonely",Street;https://genius.com/albums/Andy-williams/Lonely-street;Andy,"Williams;[];""Where's",this,place,called,Lonely,"Stree-ee-ee-eet?""""",,I'm,looking,for,that,lonely,street,I've,got,a,sad,,sad,tale,to,tell,I,need,a,place,to,go,and,weep,Where's,this,place,called,Lonely,"Stree-ee-ee-eet?""""",,A,place,where,there's,just,loneliness,Where,dim,lights,bring,forgetfulness,Where,broken,dreams,and,mem'ries,meet,Where's,this,place,called,Lonely,"Stree-ee-ee-eet?""""",,Perhaps,upon,that,lonely,street,There's,someone,such,as,I,Who,came,to,bury,broken,dreams,And,watch,an,old,love,di-ie,,If,I,could,find,that,lonely,street,Where,dim,lights,bring,forgetfulness,Where,broken,dreams,and,mem'ries,meet,Where's,this,place,called,Lonely,"Stree-ee-ee-eet?""""",,Where's,this,place,called,Lonely,"Stree-ee-ee-eet?"""""";[];49;;Lonely","Street;https://genius.com/Andy-williams-lonely-street-lyrics
;;Ray",Charles;[];Hey,mama,,don't,you,treat,me,wrong,Come,and,love,your,daddy,all,night,long,All,right,now,,hey,hey,,all,right,,See,the,girl,with,the,diamond,ring,She,knows,how,to,shake,that,thing,All,right,now,now,now,,hey,hey,,hey,hey,,Tell,your,mama,,tell,your,pa,I'm,gonna,send,you,back,to,Arkansas,Oh,yes,,ma'm,,you,don't,do,right,,don't,do,right,Aw,,play,it,boy,,When,you,see,me,in,misery,Come,on,baby,,see,about,me,Now,yeah,,all,right,,all,right,,aw,play,it,,boy,,When,you,see,me,in,misery,Come,on,baby,,see,about,me,Now,yeah,,hey,hey,,all,right,,See,the,girl,with,the,red,dress,on,She,can,do,the,Birdland,all,night,long,Yeah,yeah,,what'd,I,say,,all,right,,Well,,tell,me,what'd,I,say,,yeah,Tell,me,what'd,I,say,right,now,Tell,me,what'd,I,say,Tell,me,what'd,I,say,right,now,Tell,me,what'd,I,say,Tell,me,what'd,I,say,yeah,,And,I,wanna,know,Baby,I,wanna,know,right,now,And-a,I,wanna,know,And,I,wanna,know,right,now,yeah,And-a,I,wanna,know,Said,I,wanna,know,yeah,,Spoken:,Hey,,don't,quit,now!,(c'mon,honey),Naw,,I,got,,I,uh-uh-uh,,I'm,changing,(stop!,stop!,we'll,do,it,again),Wait,a,minute,,wait,a,minute,,oh,hold,it!,Hold,it!,Hold,it!,,Hey,(hey),ho,(ho),hey,(hey),ho,(ho),hey,(hey),ho,(ho),hey,,Oh,one,more,time,(just,one,more,time),Say,it,one,more,time,right,now,(just,one,more,time),Say,it,one,more,time,now,(just,one,more,time),Say,it,one,more,time,yeah,(just,one,more,time),Say,it,one,more,time,(just,one,more,time),Say,it,one,more,time,yeah,(just,one,more,time),,Hey,(hey),ho,(ho),hey,(hey),ho,(ho),hey,(hey),ho,(ho),hey,,Ah!,Make,me,feel,so,good,(make,me,feel,so,good),Make,me,feel,so,good,now,yeah,(make,me,feel,so,good),Woah!,Baby,(make,me,feel,so,good),Make,me,feel,so,good,yeah,(make,me,feel,so,good),Make,me,feel,so,good,(make,me,feel,so,good),Make,me,feel,so,good,yeah,(make,me,feel,so,good),,Huh,(huh),ho,(ho),huh,(huh),ho,(ho),huh,(huh),ho,(ho),huh,,Awh,it's,all,right,(baby,it's,all,right),Said,that,it's,all,right,right,now,(baby,it's,all,right),Said,that,it's,all,right,(baby,it's,all,right),Said,that,it's,all,right,yeah,(baby,it's,all,right),Said,that,it's,all,right,(baby,it's,all,right),Said,that,it's,all,right,(baby,it's,all,right),,Woah!,Shake,that,thing,now,(baby,shake,that,thing),Baby,shake,that,thing,now,now,(baby,shake,that,thing),Baby,shake,that,thing,(baby,shake,that,thing),Baby,shake,that,thing,right,now,(baby,shake,that,thing),Baby,shake,that,thing,(baby,shake,that,thing),Baby,shake
The,Brothers,Four;;;;;;;;;,,,,,,,,,,,,,,,,,,,,,,,,,,,,,,,,,,,,,,,,,,,,,,,,,,,,,,,,,,,,,,,,,,,,,,,,,,,,,,,,,,,,,,,,,,,,,,,,,,,,,,,,,,,,,,,,,,,,,,,,,,,,,,,,,,,,,,,,,,,,,,,,,,,,,,,,,,,,,,,,,,,,,,,,,,,,,,,,,,,,,,,,,,,,,,,,,,,,,,,,,,,,,,,,,,,,,,,,,,,,,,,,,,,,,,,,,,,,,,,,,,,,,,,,,,,,,,,,,,,,,,,,,,,,,,,,,,,,,,,,,,,,,,,,,,,,,,,,,,,,,,,,,,,,,,,,,,,,,,,,,,,,,,,,,,,,,,,,,,,,,,,,,,,,,,,,,,,,,,,,,,,,,,,,,,,,,,,,,,,,,,,,,,,,,,,,,,,,,,,,,,,,,,,,,,,,,,,,,,,,,,,,,,,,,,,,,,,,,,,,,,,,,,,,,,,,,,,,,,,,,,,,,,,,,,,,,,,,,,,,,,,,,,,,,,,,,,,,,,,,,,,,,,,,,,,,,,,,,,,,,,,,,,,,,,,,,,,,,,,,,,,,,,,,,,,,,,,,,,,,,,,,,,,,,,,,,,,,,,,,,,,,,,,,,,,,,,,,,,,,,,,,,,,,,,,,,,,,,,,,,,,,,,,,,,,,,,,,,,,,,,,,,,,,,,,,,,,,,,,,,,,,,,,,,,,,,,,,,,,,,,,,,,,,,,,,,,,,,,,,,,,,,,,,,,,,,,,,,,,,,,,,,,,,,,,,,,,,,,,,,,,,,,,,,,,,,,,,,,,,,,,,,,,,,,,,,,,,,,,,,,,,,,,,,,,,,,,,,,,,,,,,,,,,,,,,,,,,,,,,,,,,,,,,,,,,,,,,,,,,,,,,,,,,,,,,,,,,,,,,,,,,,,,,,,,,,,,,,,,,,,,,,,,,,,,,,,,,,,,,,,,,,,,,,,,,,,,,,,,,,,,,,,,,,,,,,,,,,,,,,,,,,,,,,,,,,,,,,,,,,,,,,,,,,,,,,,,,,,,,,,,,,,,,,,,,,,,,,,,,,,,,,,,,,,,,,,,,,,,,,
Jack,Scott;,Volume,2:,What,Am,I,Living,For,/,What,In,The,World‚Äôs,Come,Over,You;https://genius.com/albums/Jack-scott/Jack-scott-volume-2-what-am-i-living-for-what-in-the-world-s-come-over-you;Jack,"Scott;[];""What",in,the,world's,come,over,you?,Seems,we,never,get,along,(Ooh,,ah,,ah,,ah),Every,night,I,reminisce,dreaming,of,your,tender,kisses,,What,in,the,world's,come,over,you?,(Wah,,wah,,ooh),Could,you,ever,change,your,mind?,(Ah,,ah,,ah),If,you,do,,I'll,still,be,here,,dear,Waiting,,longing,for,you,(Ah,,ah,,ah),,All,my,life,,I've,loved,you,so,Never,dreamed,,I'd,miss,you,so,Now,,alone,in,my,room,each,night,My,heart,it,cries,,It's,just,not,"right""""",Oh,,oh,,oh,,What,in,the,world's,come,over,you?,Could,you,ever,change,your,mind?,(Ah,,ah,,ah),If,you,do,,I'll,still,be,here,,dear,Waiting,,longing,for,you,(Ah,,ah,,ah),,All,my,life,,I've,loved,you,so,Never,dreamed,,I'd,miss,you,so,Now,,alone,in,my,room,each,night,My,heart,,it,cries,,It's,just,not,"right""""",Oh,,oh,,oh,,What,in,the,world's,come,over,you?,(Wah,,wah,,ooh),You're,still,my,angel,from,above,(Ah,,ah,,ah),Guess,,you'll,always,be,my,one,And,only,,only,real,"love"";[{'provider':",youtube',,start':,0,,type':,video',,url':,http://www.youtube.com/watch?v=K1V7rimTqps'}];14;;What,In,The,World's,Come,Over,"You
Gunfighter",Ballads,and,Trail,Songs;https://genius.com/albums/Marty-robbins/Gunfighter-ballads-and-trail-songs;Marty,Robbins;[];[Verse,1],Out,in,the,West,Texas,town,of,El,Paso,I,fell,in,love,with,a,Mexican,girl,Nighttime,would,find,me,in,Rosa's,Cantina,Music,would,play,and,Feleena,would,whirl,,[Verse,2],Blacker,than,night,were,the,eyes,of,Feleena,Wicked,and,evil,while,casting,a,spell,My,love,was,deep,for,this,Mexican,maiden,I,was,in,love,,but,in,vain,,I,could,tell,,[Verse,3],One,night,a,wild,young,cowboy,came,in,Wild,as,the,West,Texas,wind,Dashing,and,daring,,a,drink,he,was,sharing,With,wicked,Feleena,,the,girl,that,I,loved,,[Verse,4],So,in,anger,I,challenged,his,right,for,the,love,of,this,maiden,Down,went,his,hand,for,the,gun,that,he,wore,My,challenge,was,answered,in,less,than,a,heartbeat,The,handsome,young,stranger,lay,dead,on,the,floor,,[Verse,5],Just,for,a,moment,I,stood,there,in,silence,Shocked,by,the,foul,evil,deed,I,had,done,Many,thoughts,raced,through,my,mind,as,I,stood,there,I,had,but,one,chance,and,that,was,to,run,,[Verse,6],Out,through,the,back,door,of,Rosa's,I,ran,Out,where,the,horses,were,tied,I,caught,a,good,one,,it,looked,like,it,could,run,Up,on,its,back,,and,away,I,did,ride,Just,as,fast,as,I,could,from,The,West,Texas,town,of,El,Paso,Out,to,the,badlands,of,New,Mexico,,[Verse,7],Back,in,El,Paso,my,life,would,be,worthless,Everything's,gone,in,life,,nothing,is,left,It's,been,so,long,since,I've,seen,the,young,maiden,My,love,is,stronger,than,my,fear,of,death,,[Verse,8],I,saddled,up,and,away,I,did,go,Riding,alone,in,the,dark,Maybe,tomorrow,a,bullet,may,find,me,Tonight,nothing's,worse,than,this,pain,in,my,heart,,[Verse,9],And,at,last,here,I,am,on,the,hill,overlooking,El,Paso,I,can,see,Rosa's,Cantina,below,My,love,is,strong,and,it,pushes,me,onward,Down,off,the,hill,to,Feleena,I,go,,[Verse,10],Off,to,my,right,I,see,five,mounted,cowboys,Off,to,my,left,ride,a,dozen,or,more,Shouting,and,shooting,,I,can't,let,them,catch,me,I,have,to,make,it,to,Rosa's,back,door,,[Verse,11],Something,is,dreadfully,wrong,for,I,feel,A,deep,burning,pain,in,my,side,Though,I,am,trying,to,stay,in,the,saddle,I'm,getting,weary,,unable,to,ride,,[Verse,12],But,my,love,for,Feleena,is,strong,,and,I,rise,where,I've,fallen,Though,I,am,weary,I,can't,stop,to,rest,I,see,the,white,puff,of,smoke,from,the,rifle,I,feel,the,bullet,go,deep,in,my,chest,,[Verse,13],From,out,of,nowhere,Feleena,has,found,me,Kissing,my,cheek,as,she,kneels,by,my,side,Cradled,by,two,loving,arms,that,I'll,die,for,One,little,kiss,,and,Feleena,,goodbye,,Songwriter:,,Marty,Robbins;[{'native_uri':,spotify:track:4f8hBeMXMvssn6HtFAtblo',,provider':,spotify',,type':,audio',,url':,https://open.spotify.com/track/4f8hBeMXMvssn6HtFAtblo'},,{'provider':,youtube',,start':,0,,type':,video',,url':,http://www.youtube.com/watch?v=7UVVS5-9HvA'}];15;;El,"Paso;https://genius.com/Marty-robbins-el-paso-lyrics
Cruisin‚Äô",1960;https://genius.com/albums/Various-artists/Cruisin-1960;Hollywood,Argyles;[];[Intro],(Oop-oop,,oop,,oop-oop),(Alley-Oop,,oop,,oop,,oop-oop),,[Verse,1],There's,a,man,in,the,funny,papers,we,all,know,(Alley-Oop,,oop,,oop,,oop-oop),He,lives,way,back,a,long,time,ago,(Alley-Oop,,oop,,oop,,oop-oop),He,don't,eat,nothin',but,a,bear,cat,stew,(Alley-Oop,,oop,,oop,,oop-oop),Well,,this,cat's,name,is-a,Alley-Oop,(Alley-Oop,,oop,,oop,,oop-oop),,He,got,a,chauffeur,that's,a,genuine,dinosaur,(Alley-Oop,,oop,,oop,,oop-oop),And,he,can,knuckle,your,head,before,you,count,to,four,(Alley-Oop,,oop,,oop,,oop-oop),,He,got,a,big,ugly,club,and,a,head,full,of,hay-uh,(Alley-Oop,,oop,,oop,,oop-oop),Like,great,big,lions,and,grizzly,bears,(Alley-Oop,,oop,,oop,,oop-oop),(Alley-Oop),He's,the,toughest,man,there,is,alive,(Alley-Oop),Wearin',clothes,from,a,wildcat's,hide,(Alley-Oop),He's,the,king,of,the,jungle,jive,(Look,at,that,cave,man,go!!),(SCREAM),,He,rides,thru,the,jungle,tearin',limbs,offa,trees,(Alley-Oop,,oop,,oop,,oop-oop),Knockin',great,big,monstas,dead,on,their,knees,(Alley-Oop,,oop,,oop,,oop-oop),The,cats,don't,bug,him,cuz,they,know,bettah
Paul,Anka,Sings,His,Big,15;https://genius.com/albums/Paul-anka/Paul-anka-sings-his-big-15;Paul,Anka;[];When,somebody,leaves,you,,that's,the,time,to,cry,When,you,know,you're,lonely,,you're,not,the,one,and,only,Who,will,cry?,,When,your,heart,is,broken,,that's,the,time,to,cry,When,you,know,she's,left,you,,you'll,know,that,she,has,left,you,So,you,can,cry,,Happiness,is,what,I,long,for,Loneliness,is,why,I,cry,,For,you,have,made,my,heart,a,slave,And,now,it's,up,to,you,,When,somebody,leaves,you,,that's,the,time,to,cry,When,you,know,she's,left,you,,you'll,know,that,she,has,left,you,So,you,can,cry;[];66;;It's,Time,To,Cry;https://genius.com/Paul-anka-its-time-to-cry-lyrics,,,,,,,,,,,,,,,,,,,,,,,,,,,,,,,,,,,,,,,,,,,,,,,,,,,,,,,,,,,,,,,,,,,,,,,,,,,,,,,,,,,,,,,,,,,,,,,,,,,,,,,,,,,,,,,,,,,,,,,,,,,,,,,,,,,,,,,,,,,,,,,,,,,,,,,,,,,,,,,,,,,,,,,,,,,,,,,,,,,,,,,,,,,,,,,,,,,,,,,,,,,,,,,,,,,,,,,,,,,,,,,,,,,,,,,,,,,,,,,,,,,,,,,,,,,,,,,,,,,,,,,,,,,,,,,,,,,,,,,,,,,,,,,,,,,,,,,,,,,,,,,,,,,,,,,,,,,,,,,,,,,,,,,,,,,,,,,,,,,,,,,,,,,,,,,,,,,,,,,,,,,,,,,,,,,,,,,,,,,,,,,,,,,,,,,,,,,,,,,,,,,,,,,,,,,,,,,,,,,,,,,,,,,,,,,,,,,,,,,,,,,,,,,,,,,,,,,,,,,,,,,,,,,,,,,,,,,,,,,,,,,,,,,,,,,,,,,,,,,,,,,,,,,,,,,,,,,,,,,,,,,,,,,,,,,,,,,,,,,,,,,,,,,,,,,,,,,,,,,,,,,,,,,,,,,,,,,,,,,,,,,,,,,,,,,,,,,,,,,,,,,,,,,,,,,,,,,,,,,,,,,,,,,,,,,,,,,,,,,,,,,,,,,,,,,,,,,,,,,,,,,,,,,,,,,,,,,,,,,,,,,,,,,,,,,,,,,,,,,,,,,,,,,,,,,,,,,,,,,,,,,,,,,,,,,,,,,,,,,,,,,,,,,,,,,,,,,,,,,,,,,,,,,,,,,,,,,,,,,,,,,,,,,,,,,,,,,,,,,,,,,,,,,,,,,,,,,,,,,,,,,,,,,,,,,,,,,,,,,,,,,,,,,,,,,,,,,,,,,,,,,,,,,,,,,,,,,,,,,,,,,,,,,,,,,,,,,,,,,,,,,,
Tell,Laura,I,Love,Her;https://genius.com/albums/Ray-peterson/Tell-laura-i-love-her;Ray,Peterson;[];Laura,and,Tommy,were,lovers,He,wanted,to,give,her,everything,Flowers,,presents,And,most,of,all,a,wedding,ring,,He,saw,a,sign,for,a,stock,car,race,A,thousand,dollar,prize,it,read,He,couldn't,get,Laura,on,the,phone,So,to,her,mother,Tommy,said,,Tell,Laura,I,love,her,Tell,Laura,I,need,her,Tell,Laura,I,may,be,late,I've,something,to,do,that,cannot,wait,,He,drove,his,car,to,the,racing,ground,He,was,the,youngest,driver,there,The,crowd,roared,as,they,started,the,race,Round,the,track,they,drove,at,a,deadly,pace,,No-one,knows,what,happened,that,day,Or,how,his,car,over-turned,in,flames,But,as,they,pulled,him,from,the,twisted,wreck,With,his,dying,breath,they,heard,him,say,,Tell,Laura,I,love,her,Tell,Laura,I,need,her,Tell,Laura,not,to,cry,My,love,for,her,will,never,die,,Now,in,the,chapel,where,Laura,prays,For,her,Tommy,who,passed,away,It,was,just,for,Laura,he,lived,and,died,Alone,in,the,chapel,she,can,hear,him,cry,,Tell,Laura,I,love,her,Tell,Laura,I,need,her,Tell,Laura,not,to,cry,My,love,for,her,will,never,die,(x,2);[{'native_uri':,spotify:track:1EwpgXlVIzs1E7XBZoRVQl',,provider':,spotify',,type':,audio',,url':,https://open.spotify.com/track/1EwpgXlVIzs1E7XBZoRVQl'},,{'provider':,youtube',,start':,0,,type':,video',,url':,http://www.youtube.com/watch?v=pTjQgkHzbTk'}];67;;Tell,Laura,I,Love,Her;https://genius.com/Ray-peterson-tell-laura-i-love-her-lyrics,,,,,,,,,,,,,,,,,,,,,,,,,,,,,,,,,,,,,,,,,,,,,,,,,,,,,,,,,,,,,,,,,,,,,,,,,,,,,,,,,,,,,,,,,,,,,,,,,,,,,,,,,,,,,,,,,,,,,,,,,,,,,,,,,,,,,,,,,,,,,,,,,,,,,,,,,,,,,,,,,,,,,,,,,,,,,,,,,,,,,,,,,,,,,,,,,,,,,,,,,,,,,,,,,,,,,,,,,,,,,,,,,,,,,,,,,,,,,,,,,,,,,,,,,,,,,,,,,,,,,,,,,,,,,,,,,,,,,,,,,,,,,,,,,,,,,,,,,,,,,,,,,,,,,,,,,,,,,,,,,,,,,,,,,,,,,,,,,,,,,,,,,,,,,,,,,,,,,,,,,,,,,,,,,,,,,,,,,,,,,,,,,,,,,,,,,,,,,,,,,,,,,,,,,,,,,,,,,,,,,,,,,,,,,,,,,,,,,,,,,,,,,,,,,,,,,,,,,,,,,,,,,,,,,,,,,,,,,,,,,,,,,,,,,,,,,,,,,,,,,,,,,,,,,,,,,,,,,,,,,,,,,,,,,,,,,,,,,,,,,,,,,,,,,,,,,,,,,,,,,,,,,,,,,,,,,,,,,,,,,,,,,,,,,,,,,,,,,,,,,,,,,,,,,,,,,,,,,,,,,,,,,,,,,,,,,,,,,,,,,,,,,,,,,,,,,,,,,,,,,,,,,,,,,,,,,,,,,,,,,,,,,,,,,,,,,,,,,,,,,,,,,,,,,,,,,,,,,,,,,,,,,,,,,,,,,,,,,,,,,,,,,,,,,,,,,,,,,,,,,,,,,,,,,,,,,,,,
The,Singles,Collection;https://genius.com/albums/Connie-francis/The-singles-collection;Connie,Francis;[];When,the,evening,shadows,fall,And,the,lovely,day,is,through,Then,with,longing,I,recall,The,years,I,spent,with,you,,Mama,,I,miss,the,days,When,you,were,near,to,guide,me,Mama,,those,happy,days,When,you,were,here,beside,me,,Safe,in,the,glow,of,your,love,Sent,from,the,heavens,above,Nothing,can,ever,replace,The,warmth,of,your,tender,embrace,,Oh,,Mama,,until,the,day,That,we're,together,once,more,I'll,live,in,these,memories,Until,the,day,that,we're,together,once,more;[];68;;Mama;https://genius.com/Connie-francis-mama-lyrics,,,,,,,,,,,,,,,,,,,,,,,,,,,,,,,,,,,,,,,,,,,,,,,,,,,,,,,,,,,,,,,,,,,,,,,,,,,,,,,,,,,,,,,,,,,,,,,,,,,,,,,,,,,,,,,,,,,,,,,,,,,,,,,,,,,,,,,,,,,,,,,,,,,,,,,,,,,,,,,,,,,,,,,,,,,,,,,,,,,,,,,,,,,,,,,,,,,,,,,,,,,,,,,,,,,,,,,,,,,,,,,,,,,,,,,,,,,,,,,,,,,,,,,,,,,,,,,,,,,,,,,,,,,,,,,,,,,,,,,,,,,,,,,,,,,,,,,,,,,,,,,,,,,,,,,,,,,,,,,,,,,,,,,,,,,,,,,,,,,,,,,,,,,,,,,,,,,,,,,,,,,,,,,,,,,,,,,,,,,,,,,,,,,,,,,,,,,,,,,,,,,,,,,,,,,,,,,,,,,,,,,,,,,,,,,,,,,,,,,,,,,,,,,,,,,,,,,,,,,,,,,,,,,,,,,,,,,,,,,,,,,,,,,,,,,,,,,,,,,,,,,,,,,,,,,,,,,,,,,,,,,,,,,,,,,,,,,,,,,,,,,,,,,,,,,,,,,,,,,,,,,,,,,,,,,,,,,,,,,,,,,,,,,,,,,,,,,,,,,,,,,,,,,,,,,,,,,,,,,,,,,,,,,,,,,,,,,,,,,,,,,,,,,,,,,,,,,,,,,,,,,,,,,,,,,,,,,,,,,,,,,,,,,,,,,,,,,,,,,,,,,,,,,,,,,,,,,,,,,,,,,,,,,,,,,,,,,,,,,,,,,,,,,,,,,,,,,,,,,,,,,,,,,,,,,,,,,,,,,,,,,,,,,,,,,,,,,,,,,,,,,,,,,,,,,,,,,,,,,,,,,,,,,,,,,,,,,,,,,,,,,,,,,,,,,,,,,,,,,,,,,,,,,,,,,,,,,,,,,,,,,,,,,,,,,,,,,,,,,,,,,,,,,,,,,,,,,,,,,,,,,,,
;;Steve,Lawrence;[{'api_path':,/artists/404861',,header_image_url':,https://images.genius.com/747b8728039e1de26d2cb026edd0c1f2.266x319x1.jpg',,id':,404861,,image_url':,https://images.genius.com/146599fee1d2f9cf998c765387163972.266x266x1.jpg',,is_meme_verified':,False,,is_verified':,False,,name':,Eydie,Gorme',,url':,https://genius.com/artists/Eydie-gorme'}];Why,did,you,say,goodbye,to,me,Now,I'm,as,lonely,as,could,be,And,as,I,feel,a,teardrop,fall,I,hear,your,footsteps,down,the,hall,Walkin',away,from,me,,Why,did,you,say,goodbye,Why,did,you,make,me,cry,Now,,every,day,I,wonder,why,Why,,oh,why,,oh,why,,oh,,Footsteps,,footsteps,Footsteps,,footsteps,,You're,such,a,haunting,memory,I,pray,that,you'll,come,back,to,me,But,as,I,say,my,evening,prayers,I,hear,your,footsteps,on,the,stairs,Walkin',away,from,me,,Why,did,you,say,goodbye,Why,did,you,make,me,cry,Now,,every,day,I,wonder,why,Why,,oh,why,,oh,why,,oh,,Footsteps,,footsteps,Footsteps,,footsteps,Footsteps,,footsteps,Footsteps;[];69;;Footsteps;https://genius.com/Steve-lawrence-footsteps-lyrics,,,,,,,,,,,,,,,,,,,,,,,,,,,,,,,,,,,,,,,,,,,,,,,,,,,,,,,,,,,,,,,,,,,,,,,,,,,,,,,,,,,,,,,,,,,,,,,,,,,,,,,,,,,,,,,,,,,,,,,,,,,,,,,,,,,,,,,,,,,,,,,,,,,,,,,,,,,,,,,,,,,,,,,,,,,,,,,,,,,,,,,,,,,,,,,,,,,,,,,,,,,,,,,,,,,,,,,,,,,,,,,,,,,,,,,,,,,,,,,,,,,,,,,,,,,,,,,,,,,,,,,,,,,,,,,,,,,,,,,,,,,,,,,,,,,,,,,,,,,,,,,,,,,,,,,,,,,,,,,,,,,,,,,,,,,,,,,,,,,,,,,,,,,,,,,,,,,,,,,,,,,,,,,,,,,,,,,,,,,,,,,,,,,,,,,,,,,,,,,,,,,,,,,,,,,,,,,,,,,,,,,,,,,,,,,,,,,,,,,,,,,,,,,,,,,,,,,,,,,,,,,,,,,,,,,,,,,,,,,,,,,,,,,,,,,,,,,,,,,,,,,,,,,,,,,,,,,,,,,,,,,,,,,,,,,,,,,,,,,,,,,,,,,,,,,,,,,,,,,,,,,,,,,,,,,,,,,,,,,,,,,,,,,,,,,,,,,,,,,,,,,,,,,,,,,,,,,,,,,,,,,,,,,,,,,,,,,,,,,,,,,,,,,,,,,,,,,,,,,,,,,,,,,,,,,,,,,,,,,,,,,,,,,,,,,,,,,,,,,,,,,,,,,,,,,,,,,,,,,,,,,,,,,,,,,,,,,,,,,,,,,,,,,,,,,,,,,,,,,,,,,,,,,,,,,,,,,,,,,,,,,,,,,,,,,,,,,,,,,,,,,,,,,,,,,,,,,,,,,,,,,,,,,,,,,,,,,,,,,,,,,,,,,,,,,,,,,,,,,,,,
It‚Äôs,Everly,Time;https://genius.com/albums/The-everly-brothers/It-s-everly-time;Everly,Brothers;[];We,used,to,have,good,times,together,But,now,I,feel,them,slip,away,It,makes,me,cry,to,see,love,die,So,sad,to,watch,good,love,go,bad,,Remember,how,you,used,to,feel,dear,You,said,nothing,could,change,your,mind,It,breaks,my,heart,,to,see,us,part,So,sad,to,watch,good,love,go,bad,,Is,it,any,wonder,that,I,feel,so,blue,When,I,know,for,certain,that,I'm,losing,you,,Remember,how,you,used,to,feel,dear,You,said,nothing,could,change,your,mind,It,breaks,my,heart,to,see,us,part,So,sad,to,watch,good,love,go,bad,,So,sad,to,watch,good,love,go,bad;[];70;;So,Sad;https://genius.com/The-everly-brothers-so-sad-to-watch-good-love-go-bad-lyrics,,,,,,,,,,,,,,,,,,,,,,,,,,,,,,,,,,,,,,,,,,,,,,,,,,,,,,,,,,,,,,,,,,,,,,,,,,,,,,,,,,,,,,,,,,,,,,,,,,,,,,,,,,,,,,,,,,,,,,,,,,,,,,,,,,,,,,,,,,,,,,,,,,,,,,,,,,,,,,,,,,,,,,,,,,,,,,,,,,,,,,,,,,,,,,,,,,,,,,,,,,,,,,,,,,,,,,,,,,,,,,,,,,,,,,,,,,,,,,,,,,,,,,,,,,,,,,,,,,,,,,,,,,,,,,,,,,,,,,,,,,,,,,,,,,,,,,,,,,,,,,,,,,,,,,,,,,,,,,,,,,,,,,,,,,,,,,,,,,,,,,,,,,,,,,,,,,,,,,,,,,,,,,,,,,,,,,,,,,,,,,,,,,,,,,,,,,,,,,,,,,,,,,,,,,,,,,,,,,,,,,,,,,,,,,,,,,,,,,,,,,,,,,,,,,,,,,,,,,,,,,,,,,,,,,,,,,,,,,,,,,,,,,,,,,,,,,,,,,,,,,,,,,,,,,,,,,,,,,,,,,,,,,,,,,,,,,,,,,,,,,,,,,,,,,,,,,,,,,,,,,,,,,,,,,,,,,,,,,,,,,,,,,,,,,,,,,,,,,,,,,,,,,,,,,,,,,,,,,,,,,,,,,,,,,,,,,,,,,,,,,,,,,,,,,,,,,,,,,,,,,,,,,,,,,,,,,,,,,,,,,,,,,,,,,,,,,,,,,,,,,,,,,,,,,,,,,,,,,,,,,,,,,,,,,,,,,,,,,,,,,,,,,,,,,,,,,,,,,,,,,,,,,,,,,,,,,,,,,,,,,,,,,,,,,,,,,,,,,,,,,,,,,,,,,,,,,,,,,,,,,,,,,,,,,,,,,,,,,,,,,,,,,,,,,,,,,,,,,,,,,,,,,,,,,,,,,,,,,,,,,,,,,,,,,,,,,,,,,,
Brenda,Lee;;;;;;;;;,,,,,,,,,,,,,,,,,,,,,,,,,,,,,,,,,,,,,,,,,,,,,,,,,,,,,,,,,,,,,,,,,,,,,,,,,,,,,,,,,,,,,,,,,,,,,,,,,,,,,,,,,,,,,,,,,,,,,,,,,,,,,,,,,,,,,,,,,,,,,,,,,,,,,,,,,,,,,,,,,,,,,,,,,,,,,,,,,,,,,,,,,,,,,,,,,,,,,,,,,,,,,,,,,,,,,,,,,,,,,,,,,,,,,,,,,,,,,,,,,,,,,,,,,,,,,,,,,,,,,,,,,,,,,,,,,,,,,,,,,,,,,,,,,,,,,,,,,,,,,,,,,,,,,,,,,,,,,,,,,,,,,,,,,,,,,,,,,,,,,,,,,,,,,,,,,,,,,,,,,,,,,,,,,,,,,,,,,,,,,,,,,,,,,,,,,,,,,,,,,,,,,,,,,,,,,,,,,,,,,,,,,,,,,,,,,,,,,,,,,,,,,,,,,,,,,,,,,,,,,,,,,,,,,,,,,,,,,,,,,,,,,,,,,,,,,,,,,,,,,,,,,,,,,,,,,,,,,,,,,,,,,,,,,,,,,,,,,,,,,,,,,,,,,,,,,,,,,,,,,,,,,,,,,,,,,,,,,,,,,,,,,,,,,,,,,,,,,,,,,,,,,,,,,,,,,,,,,,,,,,,,,,,,,,,,,,,,,,,,,,,,,,,,,,,,,,,,,,,,,,,,,,,,,,,,,,,,,,,,,,,,,,,,,,,,,,,,,,,,,,,,,,,,,,,,,,,,,,,,,,,,,,,,,,,,,,,,,,,,,,,,,,,,,,,,,,,,,,,,,,,,,,,,,,,,,,,,,,,,,,,,,,,,,,,,,,,,,,,,,,,,,,,,,,,,,,,,,,,,,,,,,,,,,,,,,,,,,,,,,,,,,,,,,,,,,,,,,,,,,,,,,,,,,,,,,,,,,,,,,,,,,,,,,,,,,,,,,,,,,,,,,,,,,,,,,,,,,,,,,,,,,,,,,,,,,,,,,,,,,,,,,,,,,,,,,,,,,,,,,,,,,,,,,,,,,,,,,,,,,,,,,,,,,,,,,,,,,,,,,,,,,,,,,,,,,,,,,,,,,,
A,Lot,of,Dominos!;https://genius.com/albums/Fats-domino/A-lot-of-dominos;Fats,Domino;[];It's,time,I'm,walkin',to,New,Orleans,I'm,walkin',to,New,Orleans,I'm,going,to,need,two,pair,of,shoes,When,I,get,through,walkin',these,blues,When,I,get,back,to,New,Orleans,,I've,got,my,suitcase,in,my,hand,Now,,ain't,that,a,shame,I'm,leavin',here,today,Yes,,I'm,goin',back,home,to,stay,Yes,,I'm,walkin',to,New,Orleans,,You,used,to,be,my,honey,Till,you,spent,all,my,money,No,use,for,you,to,cry,I'll,see,you,bye,and,bye,Cause,I'm,walkin',to,New,Orleans,,I've,got,no,time,for,talkin',I've,got,to,keep,on,walkin',New,Orleans,is,my,home,That's,the,reason,why,I'm,goin',Yes,,I'm,walkin',to,New,Orleans,,I'm,walkin',to,New,Orleans,I'm,walkin',to,New,Orleans,I'm,walkin',to,New,Orleans;[{'provider':,youtube',,start':,0,,type':,video',,url':,http://www.youtube.com/watch?v=SjX1vFk384s'}];72;1960-01-01;Walking,To,New,Orleans;https://genius.com/Fats-domino-walking-to-new-orleans-lyrics,,,,,,,,,,,,,,,,,,,,,,,,,,,,,,,,,,,,,,,,,,,,,,,,,,,,,,,,,,,,,,,,,,,,,,,,,,,,,,,,,,,,,,,,,,,,,,,,,,,,,,,,,,,,,,,,,,,,,,,,,,,,,,,,,,,,,,,,,,,,,,,,,,,,,,,,,,,,,,,,,,,,,,,,,,,,,,,,,,,,,,,,,,,,,,,,,,,,,,,,,,,,,,,,,,,,,,,,,,,,,,,,,,,,,,,,,,,,,,,,,,,,,,,,,,,,,,,,,,,,,,,,,,,,,,,,,,,,,,,,,,,,,,,,,,,,,,,,,,,,,,,,,,,,,,,,,,,,,,,,,,,,,,,,,,,,,,,,,,,,,,,,,,,,,,,,,,,,,,,,,,,,,,,,,,,,,,,,,,,,,,,,,,,,,,,,,,,,,,,,,,,,,,,,,,,,,,,,,,,,,,,,,,,,,,,,,,,,,,,,,,,,,,,,,,,,,,,,,,,,,,,,,,,,,,,,,,,,,,,,,,,,,,,,,,,,,,,,,,,,,,,,,,,,,,,,,,,,,,,,,,,,,,,,,,,,,,,,,,,,,,,,,,,,,,,,,,,,,,,,,,,,,,,,,,,,,,,,,,,,,,,,,,,,,,,,,,,,,,,,,,,,,,,,,,,,,,,,,,,,,,,,,,,,,,,,,,,,,,,,,,,,,,,,,,,,,,,,,,,,,,,,,,,,,,,,,,,,,,,,,,,,,,,,,,,,,,,,,,,,,,,,,,,,,,,,,,,,,,,,,,,,,,,,,,,,,,,,,,,,,,,,,,,,,,,,,,,,,,,,,,,,,,,,,,,,,,,,,,,,,,,,,,,,,,,,,,,,,,,,,,,,,,,,,,,,,,,,,,,,,,,,,,,,,,,,,,,,,,,,,,,,,,,,,,,,,,,,,,,,,,
Among,My,Souvenirs;https://genius.com/albums/Connie-francis/Among-my-souvenirs;Connie,Francis;[];There's,nothing,left,for,me,of,days,that,used,to,be,They're,just,a,memory,among,my,souvenirs,,Some,letters,sad,and,blue,,a,photograph,or,two,I,see,a,rose,from,you,among,my,souvenirs,,A,few,more,tokens,rest,within,my,treasure,chest,And,though,they,do,their,best,to,give,me,consolation,,I,count,them,all,apart,and,as,the,teardrops,start,I,find,a,broken,heart,among,my,souvenirs,,I,count,them,all,apart,and,as,the,teardrops,start,I,find,a,broken,heart,among,my,souvenirs;[];73;;Among,My,Souvenirs;https://genius.com/Connie-francis-among-my-souvenirs-lyrics,,,,,,,,,,,,,,,,,,,,,,,,,,,,,,,,,,,,,,,,,,,,,,,,,,,,,,,,,,,,,,,,,,,,,,,,,,,,,,,,,,,,,,,,,,,,,,,,,,,,,,,,,,,,,,,,,,,,,,,,,,,,,,,,,,,,,,,,,,,,,,,,,,,,,,,,,,,,,,,,,,,,,,,,,,,,,,,,,,,,,,,,,,,,,,,,,,,,,,,,,,,,,,,,,,,,,,,,,,,,,,,,,,,,,,,,,,,,,,,,,,,,,,,,,,,,,,,,,,,,,,,,,,,,,,,,,,,,,,,,,,,,,,,,,,,,,,,,,,,,,,,,,,,,,,,,,,,,,,,,,,,,,,,,,,,,,,,,,,,,,,,,,,,,,,,,,,,,,,,,,,,,,,,,,,,,,,,,,,,,,,,,,,,,,,,,,,,,,,,,,,,,,,,,,,,,,,,,,,,,,,,,,,,,,,,,,,,,,,,,,,,,,,,,,,,,,,,,,,,,,,,,,,,,,,,,,,,,,,,,,,,,,,,,,,,,,,,,,,,,,,,,,,,,,,,,,,,,,,,,,,,,,,,,,,,,,,,,,,,,,,,,,,,,,,,,,,,,,,,,,,,,,,,,,,,,,,,,,,,,,,,,,,,,,,,,,,,,,,,,,,,,,,,,,,,,,,,,,,,,,,,,,,,,,,,,,,,,,,,,,,,,,,,,,,,,,,,,,,,,,,,,,,,,,,,,,,,,,,,,,,,,,,,,,,,,,,,,,,,,,,,,,,,,,,,,,,,,,,,,,,,,,,,,,,,,,,,,,,,,,,,,,,,,,,,,,,,,,,,,,,,,,,,,,,,,,,,,,,,,,,,,,,,,,,,,,,,,,,,,,,,,,,,,,,,,,,,,,,,,,,,,,,,,,,,,,,,,,,,,,,,,,,,,,,,,,,,,,,,,,,,,,,,,,,,,,,,,,,,,,,,,,,,,,,,,,,,,,,,,,,,,,,,,,,,,,,,,,,,,,,,
;;Bobby,Rydell;[];Chicks,,kicks,,cats,,cool,,yeah,school!,,Yeah,,yeah,,yeah,I,go,a,swingin',school,Where,the,chicks,are,kicks,and,the,cats,are,cool,Well,we,dance,the,greatest,and,we,dress,the,latest,Wo,,wo,,wo,I,go,a,swingin',school,,Ah,,Bobby,Ah!,Uh,huh!,Everythings,cool,,thats,cool,We're,glad,you,go,to,a,swingin',school,,My,little,chick,is,my,heart's,desire,Well,the,way,we,kiss,it,puts,the,school,on,fire,,Ah,chicks,,kicks,,cats,,cool,,yeah,school!,Yeah,yeah,yeah,wail!,,After,school,we,have,to,rendezvous,,Gonna,plan,all,the,things,that,we're,gonna,do,Trade,bookin',for,cookin',and,I'll,quit,my,lookin',When,our,days,at,the,school,are,through,,Ah,,Bobby,Ah!,Ah,hah!,Everythings,cool,,thats,cool,We're,glad,you,go,to,a,swingin',school,,We,live,and,love,by,the,golden,rule,We're,gonna,settle,down,at,a,swingin',school,Well,have,a,house,and,car,,a,swimmin',pool,Wo,,wo,,wo,I,go,a,swingin',school,,I,said,a,wo,,wo,,wo,I,go,a,swingin',school;[];74;;Swingin',School;https://genius.com/Bobby-rydell-swingin-school-lyrics,,,,,,,,,,,,,,,,,,,,,,,,,,,,,,,,,,,,,,,,,,,,,,,,,,,,,,,,,,,,,,,,,,,,,,,,,,,,,,,,,,,,,,,,,,,,,,,,,,,,,,,,,,,,,,,,,,,,,,,,,,,,,,,,,,,,,,,,,,,,,,,,,,,,,,,,,,,,,,,,,,,,,,,,,,,,,,,,,,,,,,,,,,,,,,,,,,,,,,,,,,,,,,,,,,,,,,,,,,,,,,,,,,,,,,,,,,,,,,,,,,,,,,,,,,,,,,,,,,,,,,,,,,,,,,,,,,,,,,,,,,,,,,,,,,,,,,,,,,,,,,,,,,,,,,,,,,,,,,,,,,,,,,,,,,,,,,,,,,,,,,,,,,,,,,,,,,,,,,,,,,,,,,,,,,,,,,,,,,,,,,,,,,,,,,,,,,,,,,,,,,,,,,,,,,,,,,,,,,,,,,,,,,,,,,,,,,,,,,,,,,,,,,,,,,,,,,,,,,,,,,,,,,,,,,,,,,,,,,,,,,,,,,,,,,,,,,,,,,,,,,,,,,,,,,,,,,,,,,,,,,,,,,,,,,,,,,,,,,,,,,,,,,,,,,,,,,,,,,,,,,,,,,,,,,,,,,,,,,,,,,,,,,,,,,,,,,,,,,,,,,,,,,,,,,,,,,,,,,,,,,,,,,,,,,,,,,,,,,,,,,,,,,,,,,,,,,,,,,,,,,,,,,,,,,,,,,,,,,,,,,,,,,,,,,,,,,,,,,,,,,,,,,,,,,,,,,,,,,,,,,,,,,,,,,,,,,,,,,,,,,,,,,,,,,,,,,,,,,,,,,,,,,,,,,,,,,,,,,,,,,,,,,,,,,,,,,,,,,,,,,,,,,,,,,,
The,Two,of,Us;https://genius.com/albums/Dinah-washington-and-brook-benton/The-two-of-us;Dinah,Washington,and,Brook,Benton;[];If,you're,gonna,give,me,Good,kissin',like,that,Honey,,don'tcha,know,I'm,gonna,give,em,right,back,to,you,That's,a,kissin',good,way,(That's,a,kissin',good,way),Ahh,,that's,a,kissin',good,way,(That's,a,kissin',good,way),Now,,that's,a,kissin',good,way,to,mess,around,and,fall,in,love,(Don't,mess,around,,don't,mess,around),If,you're,gonna,start,out,By,huggin',me,tight,Don't,mess,around,Just,a-hug,me,right,Cause,that's,a,huggin',good,way,(That's,a,huggin',good,way),Brook,,that's,a,huggin',good,way,(That's,a,huggin',good,way),That's,a,huggin',good,way,to,mess,around,and,fall,in,love,(Don't,mess,around,,don't,mess,around),You,know,you,called,me,on,the,phone,And,just,because,I,was,alone,Yes,,you,came,around,wooin',Ahh,,you'd,better,ask,somebody,if,you,don't,know,what,you're,doin',Now,you,kissed,me,And,you,rocked,my,soul,And,don't,come,around,knockin',Rock,n',roll,Cause,that's,a,rockin',good,way,(That's,a,rockin',good,way),Yes,,that's,a,rockin',good,way,(That's,a,rockin',good,way),That's,a,rockin',good,way,,ah,ah,,to,mess,around,and,fall,in,love,(Don't,mess,around,,don't,mess,around),Well,,you,know,you,called,me,on,the,phone,And,just,because,I,was,alone,You,came,around,a-wooin',You,better,ask,somebody,if,you,don't,know,what,you're,doin',Now,that,you've,kissed,me,And,rocked,my,soul,Don't,come,around,knockin',Rock,n',roll,That's,a,rockin',good,way,(That's,a,rockin',good,way),Dinah,,that's,a,rockin',good,way,(That's,a,rockin',good,way),That's,a,rockin',good,way,to,mess,around,and,fall,in,love,{It's,a,rockin',good,way,And,I,love,to,rock,,how,bout,you?,Ahh,,baby,,you,got,what,it,takes,Ah,ha,,ain't,that,somethin'?},{You,dig,the,run,,I'll,say,Cool,,stay,out,of,my,spot,Oh,yeah,,alright,,oh,yeah,I,like,to,spot,though,you,know,,alright,[Incomprehensible]};[];75;;A,Rockin',Good,Way;https://genius.com/Dinah-washington-and-brook-benton-a-rockin-good-way-to-mess-around-and-fall-in-love-lyrics,,,,,,,,,,,,,,,,,,,,,,,,,,,,,,,,,,,,,,,,,,,,,,,,,,,,,,,,,,,,,,,,,,,,,,,,,,,,,,,,,,,,,,,,,,,,,,,,,,,,,,,,,,,,,,,,,,,,,,,,,,,,,,,,,,,,,,,,,,,,,,,,,,,,,,,,,,,,,,,,,,,,,,,,,,,,,,,,,,,,,,,,,,,,,,,,,,,,,,,,,,,,,,,,,,,,,,,,,,,,,,,,,,,,,,,,,,,,,,,,,,,,,,,,,,,,,,,,,,,,,,,,,,,,,,,,,,,,,,,,,,,,,,,,,,,,,,,,,,,,,,,,,,,,,,,,,,,,,,,,,,,,,,,,,,,,,,,,,,,,,,,,,,,,,,,,,,,,,,,,,,,,,,,,,,,,,,,,,,,,,,,,,,,,,,,,,,,,,,,,,,,,,,,,,,,,,,,,,,,,,,,,,,,,,,,,,,,,,,,,,,,,,,,,,,,,,,,,,,,,,,,,,,,,,,,,,,,,,,,,,,,,,,,,,,,,,,,,,,,,,,,,,,,,,,,,,,,,,,,,,,,,,,,,,,,,,,,,,,,,,,,,,,,,,,,,,,,,,,,,,,,,,,,,,,,,,,,,,,,,,,,,,,,,,,,,,,,,,,,,,,,,,,,,,,,,,,,,,,,,,,,,,,,,,,,,,,,,,,,,,,,,,,,,,,,,,,,
Neil,Sedaka,Sings,Little,Devil,and,His,Other,Hits;https://genius.com/albums/Neil-sedaka/Neil-sedaka-sings-little-devil-and-his-other-hits;Neil,Sedaka;[];Climb,up,way,up,high,Climb,up,way,up,high,Climb,up,way,up,high,,Well,a,well,a,well,a,Heavenly,angel,I,want,you,for,my,girl,When,I,kissed,your,sweet,sweet,lips,I,knew,that,you,were,out,of,this,world,,CHORUS,I'll,build,a,stairway,to,heaven,I'll,climb,to,the,highest,star,I'll,build,a,stairway,to,heaven,Cause,heaven,is,where,you,are,,Well,a,well,a,well,a,Over,the,rainbow,That's,where,I'm,going,to,climb,Way,up,high,where,the,bluebirds,fly,I'm,going,to,love,you,all,the,time,,CHORUS,(x2),,Well,a,well,a,well,a,I,got,to,be,going,Going,to,leave,the,world,behind,Every,day,in,a,heavenly,way,You're,going,to,drive,me,out,of,my,mind,,CHORUS,,I'll,build,a,stairway,to,heaven,Cause,heaven,is,where,you,are,,Climb,up,way,up,high;[{'provider':,youtube',,start':,0,,type':,video',,url':,http://www.youtube.com/watch?v=52p1V0wc6AY'}];76;;Stairway,To,Heaven;https://genius.com/Neil-sedaka-stairway-to-heaven-lyrics,,,,,,,,,,,,,,,,,,,,,,,,,,,,,,,,,,,,,,,,,,,,,,,,,,,,,,,,,,,,,,,,,,,,,,,,,,,,,,,,,,,,,,,,,,,,,,,,,,,,,,,,,,,,,,,,,,,,,,,,,,,,,,,,,,,,,,,,,,,,,,,,,,,,,,,,,,,,,,,,,,,,,,,,,,,,,,,,,,,,,,,,,,,,,,,,,,,,,,,,,,,,,,,,,,,,,,,,,,,,,,,,,,,,,,,,,,,,,,,,,,,,,,,,,,,,,,,,,,,,,,,,,,,,,,,,,,,,,,,,,,,,,,,,,,,,,,,,,,,,,,,,,,,,,,,,,,,,,,,,,,,,,,,,,,,,,,,,,,,,,,,,,,,,,,,,,,,,,,,,,,,,,,,,,,,,,,,,,,,,,,,,,,,,,,,,,,,,,,,,,,,,,,,,,,,,,,,,,,,,,,,,,,,,,,,,,,,,,,,,,,,,,,,,,,,,,,,,,,,,,,,,,,,,,,,,,,,,,,,,,,,,,,,,,,,,,,,,,,,,,,,,,,,,,,,,,,,,,,,,,,,,,,,,,,,,,,,,,,,,,,,,,,,,,,,,,,,,,,,,,,,,,,,,,,,,,,,,,,,,,,,,,,,,,,,,,,,,,,,,,,,,,,,,,,,,,,,,,,,,,,,,,,,,,,,,,,,,,,,,,,,,,,,,,,,,,,,,,,,,,,,,,,,,,,,,,,,,,,,,,,,,,,,,,,,,,,,,,,,,,,,,,,,,,,,,,,,,,,,,,,,,,,,,,,,,,,,,,,,,,,,,,,,,,,,,,,,,,,,,,,,,,,,,,,,,,,,,,,,,,,,,,,,,,,,,,,,,,,,,,,,,,,,,,,,,,,,,,,,,,,,,,,,,,,,,,,,,,,,,,,,
Diana,(Paul,Anka,Sings,His,Greatest,Hits);https://genius.com/albums/Paul-anka/Diana-paul-anka-sings-his-greatest-hits;Paul,Anka;[];I,took,a,little,trip,to,my,home,town,I,only,stopped,just,to,look,around,And,as,I,walked,along,the,thorough-fare,There,was,music,playing,everywhere,,The,music,came,from,within,my,heart,How,did,it,happen,how,did,it,start,I,only,know,that,I,fell,in,love,I,guess,the,answer,lies,up,above,,Oh,what,a,feeling,My,heart,was,reeling,The,bells,were,ringing,The,birds,were,singing,,And,so,the,music,keep,goes,on,and,on,And,through,the,night,until,the,break,of,dawn,I,hear,a,bird,up,in,the,tree,I,hear,him,sing,this,melody,,And,so,he,sings,Ya-ya-ya-ya...,,Oh,what,a,feeling,My,heart,was,reeling,The,bells,were,ringing,The,birds,were,singing,,And,so,the,music,keep,goes,on,and,on,And,through,the,night,until,the,break,of,dawn,And,every,evening,when,the,sun,goes,down,I'm,with,my,love,in,my,home,town,,And,so,I,sing,Ya-ya-ya-ya...;[{'provider':,youtube',,start':,0,,type':,video',,url':,http://www.youtube.com/watch?v=9rjfs8kLvyI'}];77;;My,Home,Town;https://genius.com/Paul-anka-my-home-town-lyrics,,,,,,,,,,,,,,,,,,,,,,,,,,,,,,,,,,,,,,,,,,,,,,,,,,,,,,,,,,,,,,,,,,,,,,,,,,,,,,,,,,,,,,,,,,,,,,,,,,,,,,,,,,,,,,,,,,,,,,,,,,,,,,,,,,,,,,,,,,,,,,,,,,,,,,,,,,,,,,,,,,,,,,,,,,,,,,,,,,,,,,,,,,,,,,,,,,,,,,,,,,,,,,,,,,,,,,,,,,,,,,,,,,,,,,,,,,,,,,,,,,,,,,,,,,,,,,,,,,,,,,,,,,,,,,,,,,,,,,,,,,,,,,,,,,,,,,,,,,,,,,,,,,,,,,,,,,,,,,,,,,,,,,,,,,,,,,,,,,,,,,,,,,,,,,,,,,,,,,,,,,,,,,,,,,,,,,,,,,,,,,,,,,,,,,,,,,,,,,,,,,,,,,,,,,,,,,,,,,,,,,,,,,,,,,,,,,,,,,,,,,,,,,,,,,,,,,,,,,,,,,,,,,,,,,,,,,,,,,,,,,,,,,,,,,,,,,,,,,,,,,,,,,,,,,,,,,,,,,,,,,,,,,,,,,,,,,,,,,,,,,,,,,,,,,,,,,,,,,,,,,,,,,,,,,,,,,,,,,,,,,,,,,,,,,,,,,,,,,,,,,,,,,,,,,,,,,,,,,,,,,,,,,,,,,,,,,,,,,,,,,,,,,,,,,,,,,,,,,,,,,,,,,,,,,,,,,,,,,,,,,,,,,,,,,,,,,,,,,,,,,,,,,,,,,,,,,,,,,,,,,,,,,,,,,,,,,,,,,,,,,,,,,,,,,,,,,,,,,,,,,,,,,,,,,,,,,,,,,,,,,,,,,,,,,,,,,,,,,,,,,,,,,,,,,,,,,,,,,,,,,,,,,,,,,,,
The,Genius,Hits,The,Road;https://genius.com/albums/Ray-charles/The-genius-hits-the-road;Ray,Charles;[];[Verse,1],(Ah),Georgia,Georgia,The,whole,day,through,(The,whole,day,through),Just,an,old,,sweet,song,Keeps,Georgia,on,my,mind,(Georgia,on,my,mind),,[Verse,2],I,said,a-Georgia,Georgia,A,song,of,you,(A,song,of,you),Comes,as,sweet,and,clear,As,moonlight,through,the,pines,,[Bridge],Other,arms,a-reach,out,to,me,Other,eyes,smile,tenderly,Still,,in,the,peaceful,dreams,,I,see,The,road,leads,back,to,you,,[Verse,3],I,said,,Georgia,,oh,,Georgia,No,peace,I,find,Just,an,old,,sweet,song,Keeps,Georgia,on,my,mind,(Georgia,on,my,mind,,oh),,[Bridge],Other,arms,a-reach,out,to,me,Other,eyes,smile,tenderly,Still,,in,peaceful,dreams,,I,see,The,road,leads,back,to,you,,[Verse,3],Oh,,oh,Georgia,Georgia,No,peace,,no,peace,I,find,Just,an,old,,sweet,song,Keeps,Georgia,on,my,mind,(Georgia,on,my,mind),,[Outro],I,said,,just,an,old,,sweet,song,Keeps,Georgia,on,my,mind;[{'native_uri':,spotify:track:6PbclyMA0GpMTym4eDYQ1I',,provider':,spotify',,type':,audio',,url':,https://open.spotify.com/track/6PbclyMA0GpMTym4eDYQ1I'},,{'provider':,youtube',,start':,0,,type':,video',,url':,http://www.youtube.com/watch?v=QL3EZwSJAh0'}];78;;Georgia,On,My,Mind;https://genius.com/Ray-charles-georgia-on-my-mind-lyrics,,,,,,,,,,,,,,,,,,,,,,,,,,,,,,,,,,,,,,,,,,,,,,,,,,,,,,,,,,,,,,,,,,,,,,,,,,,,,,,,,,,,,,,,,,,,,,,,,,,,,,,,,,,,,,,,,,,,,,,,,,,,,,,,,,,,,,,,,,,,,,,,,,,,,,,,,,,,,,,,,,,,,,,,,,,,,,,,,,,,,,,,,,,,,,,,,,,,,,,,,,,,,,,,,,,,,,,,,,,,,,,,,,,,,,,,,,,,,,,,,,,,,,,,,,,,,,,,,,,,,,,,,,,,,,,,,,,,,,,,,,,,,,,,,,,,,,,,,,,,,,,,,,,,,,,,,,,,,,,,,,,,,,,,,,,,,,,,,,,,,,,,,,,,,,,,,,,,,,,,,,,,,,,,,,,,,,,,,,,,,,,,,,,,,,,,,,,,,,,,,,,,,,,,,,,,,,,,,,,,,,,,,,,,,,,,,,,,,,,,,,,,,,,,,,,,,,,,,,,,,,,,,,,,,,,,,,,,,,,,,,,,,,,,,,,,,,,,,,,,,,,,,,,,,,,,,,,,,,,,,,,,,,,,,,,,,,,,,,,,,,,,,,,,,,,,,,,,,,,,,,,,,,,,,,,,,,,,,,,,,,,,,,,,,,,,,,,,,,,,,,,,,,,,,,,,,,,,,,,,,,,,,,,,,,,,,,,,,,,,,,,,,,,,,,,,,,,,,,,,,,,,,,,,,,,,,,,,,,,,,,,,,,,,,,,,,,,,,,,,,,,,,,,,,,,,,,,,,,,,,,,,,,,,,,,,,,,,,,,,,,,,,,,,,,,,,,,,,,,,,,,,,,,,,,,,,,,,,,,,,,,,,,,,,,,,,,,,,,,,,,,,,,,,,,
;;Skip,and,Flip;[];Nah,,nah,,nah,Nah,,nah,,nah,,whoa-oh,,whoa-oh,Nah,,nah,,nah,Nah,,nah,,nah,,whoa-oh,,whoa-oh,,Cherry,,nah-nah-nah,cherry,pie,nah-nah-nah-nah-nah,Cherry,,nah-nah-nah,cherry,pie,nah-nah-nah-nah-nah,Cherry,,nah-nah-nah,cherry,pie,,,whoa,so,good,Nah,,nah,Nah,,nah,,nah,,whoa-oh,,whoa-oh,,Sugar,,nah-nah-nah,sugar,plum,nah-nah-nah-nah-nah,Sugar,,nah-nah-nah,sugar,plum,nah-nah-nah-nah-nah,Sugar,,nah-nah-nah,sugar,plum,,sweet,as,they,come,Nah,,nah,,nah,,nah,,nah,,nah,(Da,,da,,da,,da,,da),,Like,Little,Jack,Horner,sat,,sat,,sat,in,the,corner,Eating,his,cherry,,cherry,pie,I,didn't,put,in,a,thumb,I,didn't,pull,out,a,plum,I,guess,I'm,not,as,great,as,he,,whoa-oh,,whoa-oh,,Give,me,nah-nah-nah,give,me,some,nah-nah-nah-nah-nah,Give,me,nah-nah-nah,give,me,some,nah-nah-nah-nah-nah,Give,me,nah-nah-nah,give,me,some,cherry,,cherry,pie,Nah,,nah,Nah,,nah,,nah,,whoa-oh,,whoa-oh,Nah,,nah,,nah,Nah,,nah,,nah,cherry,pie,Nah,,nah,,nah,Nah,,nah,,nah,cherry,pie,,Fade,Nah,,nah,,nah,Nah,,nah,,nah,cherry,pie;[];79;;Cherry,Pie;https://genius.com/Skip-and-flip-cherry-pie-lyrics,,,,,,,,,,,,,,,,,,,,,,,,,,,,,,,,,,,,,,,,,,,,,,,,,,,,,,,,,,,,,,,,,,,,,,,,,,,,,,,,,,,,,,,,,,,,,,,,,,,,,,,,,,,,,,,,,,,,,,,,,,,,,,,,,,,,,,,,,,,,,,,,,,,,,,,,,,,,,,,,,,,,,,,,,,,,,,,,,,,,,,,,,,,,,,,,,,,,,,,,,,,,,,,,,,,,,,,,,,,,,,,,,,,,,,,,,,,,,,,,,,,,,,,,,,,,,,,,,,,,,,,,,,,,,,,,,,,,,,,,,,,,,,,,,,,,,,,,,,,,,,,,,,,,,,,,,,,,,,,,,,,,,,,,,,,,,,,,,,,,,,,,,,,,,,,,,,,,,,,,,,,,,,,,,,,,,,,,,,,,,,,,,,,,,,,,,,,,,,,,,,,,,,,,,,,,,,,,,,,,,,,,,,,,,,,,,,,,,,,,,,,,,,,,,,,,,,,,,,,,,,,,,,,,,,,,,,,,,,,,,,,,,,,,,,,,,,,,,,,,,,,,,,,,,,,,,,,,,,,,,,,,,,,,,,,,,,,,,,,,,,,,,,,,,,,,,,,,,,,,,,,,,,,,,,,,,,,,,,,,,,,,,,,,,,,,,,,,,,,,,,,,,,,,,,,,,,,,,,,,,,,,,,,,,,,,,,,,,,,,,,,,,,,,,,,,,,,,,,,,,,,,,,,,,,,,,,,,,,,,,,,,,,,,,,,,,,,,,,,,,,,,,,,,,,,,,,,,,,,,,,,,,,,,,,,,,,,,,,,,,,,,,,,,,,,,,,,,,,,,,,,,,,,,,,,,,,,,,,,,,,,,,,,,,,,,,,,,,
The,Wonderful,World,of,Sam,Cooke;https://genius.com/albums/Sam-cooke/The-wonderful-world-of-sam-cooke;Sam,Cooke;[];[Verse,1],Don't,know,much,about,history,Don't,know,much,biology,Don't,know,much,about,a,science,book,Don't,know,much,about,the,French,I,took,,[Chorus,1],But,I,do,know,that,I,love,you,And,I,know,that,if,you,love,me,,too,What,a,wonderful,world,this,would,be,,[Verse,2],Don't,know,much,about,geography,Don't,know,much,trigonometry,Don't,know,much,about,algebra,Don't,know,what,a,slide,rule,is,for,,[Chorus,2],But,I,do,know,one,and,one,is,two,And,if,this,one,could,be,with,you,What,a,wonderful,world,this,would,be,,[Bridge],Now,,I,don't,claim,to,be,an,A,student,But,I'm,trying,to,be,For,maybe,by,being,an,A,student,,baby,I,can,win,your,love,for,me,,[Verse,1],Don't,know,much,about,history,Don't,know,much,biology,Don't,know,much,about,a,science,book,Don't,know,much,about,the,French,I,took,,[Chorus,1],But,I,do,know,that,I,love,you,And,I,know,that,if,you,love,me,,too,What,a,wonderful,world,this,would,be,,[Verse,3],La,ta,ta,ta,ta,ta,ta,(History),Hmm-mm-mm,(Biology),Whoa,,la,ta,ta,ta,ta,ta,ta,(Science,book),Hmm-mm-mm,(French,I,took),,[Chorus,1],Yeah,,but,I,do,know,that,I,love,you,And,I,know,that,if,you,love,me,,too,What,a,wonderful,world,this,would,be;[{'native_uri':,spotify:track:2g2GkH3vZHk4lWzBjgQ6nY',,provider':,spotify',,type':,audio',,url':,https://open.spotify.com/track/2g2GkH3vZHk4lWzBjgQ6nY'},,{'provider':,youtube',,start':,0,,type':,video',,url':,http://www.youtube.com/watch?v=R4GLAKEjU4w'}];80;1960-04-14;Wonderful,World;https://genius.com/Sam-cooke-wonderful-world-lyrics,,,,,,,,,,,,,,,,,,,,,,,,,,,,,,,,,,,,,,,,,,,,,,,,,,,,,,,,,,,,,,,,,,,,,,,,,,,,,,,,,,,,,,,,,,,,,,,,,,,,,,,,,,,,,,,,,,,,,,,,,,,,,,,,,,,,,,,,,,,,,,,,,,,,,,,,,,,,,,,,,,,,,,,,,,,,,,,,,,,,,,,,,,,,,,,,,,,,,,,,,,,,,,,,,,,,,,,,,,,,,,,,,,,,,,,,,,,,,,,,,,,,,,,,,,,,,,,,,,,,,,,,,,,,,,,,,,,,,,,,,,,,,,,,,,,,,,,,,,,,,,,,,,,,,,,,,,,,,,,,,,,,,,,,,,,,,,,,,,,,,,,,,,,,,,,,,,,,,,,,,,,,,,,,,,,,,,,,,,,,,,,,,,,,,,,,,,,,,,,,,,,,,,,,,,,,,,,,,,,,,,,,,,,,,,,,,,,,,,,,,,,,,,,,,,,,,,,,,,,,,,,,,,,,,,,,,,,,,,,,,,,,,,,,,,,,,,,,,,,,,,,,,,,,,,,,,,,,,,,,,,,,,,,,,,,,,,,,,,,,,,,,,,,,,,,,,,,,,,,,,,,,,,,,,,,,,,,,,,,,,,,,,,,,,,,,,,,,,,,,,,,,,,,,,,,,,,,,,,,,,,,,,,,,,,,,,,,,,,,,,,,,,,,,,,,,,,,,,,,,,,,,,,,,,,,,,,,,,,,,,,,,,,,,,,,,,,,,,,,,,,,,,,,,,,,,,,,,,,,,,,,,,,,,,,,,,,,,,,,,,,,
The,Vampire;,His,Kith,and,Kin;https://genius.com/albums/Montague-summers/The-vampire-his-kith-and-kin;Spencer,"Ross;[];""CHAPTER",V,,THE,VAMPIRE,IN,LITERATURE,,A,consideration,of,the,Vampire,theme,in,literature,must,of,necessity,be,somewhat,eclectic,,if,not,even,arbitrary,in,the,selection,of,works,which,it,reviews,and,with,which,it,sets,out,to,deal.,Any,exhaustive,inquiry,is,well-nigh,impossible,,and,this,not,so,much,,perhaps,,on,account,of,the,wealth,of,the,material,,although,indeed,there,is,a,far,vaster,field,than,might,generally,be,supposed,,as,owing,to,the,very,vague,definition,and,indeterminate,interpretation,one,is,able,to,give,to,vampirism,from,a,purely,literary,point,of,view.,It,is,the,craft,of,an,artist,in,the,telling,of,ghost-stories,to,see,that,his,colours,should,not,be,too,vivid,and,too,clear,,and,no,mean,skill,is,required,to,suggest,without,explanation,,to,mass,the,shadows,without,derangement,,to,be,occult,yet,not,to,be,obscure.,Accordingly,it,would,be,a,matter,of,extreme,difficulty,to,differentiate,the,malignant,and,death-dealing,spectre,or,it,may,be,even,corpse,who,returns,to,wreak,his,foul,revenge,from,the,Vampire,--using,this,latter,word,in,its,widest,sense,,as,one,must,employ,it,when,speaking,of,literature,,a,caution,which,here,given,as,regards,this,Chapter,will,serve,once,for,all.,In,such,a,story,,for,example,,as,Dr.,M.,R.,James',Count,Magnus[1],is,the,horrible,revenant,a,ghost,or,a,vampire?,The,writer,has,left,the,point,ambiguous.,It,is,of,the,very,essence,of,his,happy,invention,that,he,should,do,so,,and,the,deftly,veiled,incertitude,adds,to,the,loathly,terror,of,the,thing.,It,will,be,readily,remembered,that,the,story,relates,how,a,traveller,in,Sweden,about,the,middle,of,the,last,century,whilst,staying,near,an,ancient,manor,house,in,Vestergothland,obtains,permission,to,examine,the,family,papers,and,among,these,he,comes,upon,the,traces,of,a,certain,Count,Magnus,de,la,Gardie,who,in,the,year,1600,had,built,the,house,or,herrg√•rd.,Even,after,the,lapse,of,two,and,a,half,centuries,dark,traditions,are,still,lingering,concerning,this,mysterious,nobleman,,whose,body,lies,in,a,richly,ornate,copper,sarcophagus,that,stands,the,principal,feature,of,a,domed,mausoleum,at,the,eastern,end,of,the,church.,Reluctantly,the,landlord,tells,a,story,which,happened,in,the,time,of,his,grandfather,ninety-two,years,before.,Two,men,determined,to,go,at,night,and,have,a,free,hunt,in,the,woods,upon,the,estate.,They,are,warned:,No,,do,not,go;,we,are,sure,you,will,meet,with,persons,walking,who,should,not,be,walking.,They,should,be,"resting"";;;;
‚ÄúMr",Personality‚Äôs‚Äù,15,Big,Hits;https://genius.com/albums/Lloyd-price/Mr-personality-s-15-big-hits;Lloyd,Price;[];Oh,,lady,luck,turned,her,back,on,me,Now,I'm,full,of,misery,There's,only,one,thing,left,for,me,to,do,Try,not,to,think,about,you,,I'm,just,as,blue,as,a,sad,old,song,Night,and,day,everything,go,wrong,There's,only,one,thing,left,for,me,to,do,Try,not,to,think,about,you,,I'm,just,as,blue,as,a,sad,old,song,Night,and,day,everything,go,wrong,There's,only,one,thing,left,for,me,to,do,Try,not,to,think,about,you,,Oh,,oh,,oh,,over,and,over,again,Come-a,,come-a,,come-a,,come-a,to,me,Ooh,,ooh,,ooh,,wee,child,I've,got,to,win,your,love,somehow,,Went,to,the,river,but,I,couldn't,jump,in,Now,I,know,I,just,can't,win,There's,only,one,thing,left,for,me,to,do,Is,try,not,to,think,about,you,,Oh,yeah,,oh,lady,luck,,oh,yeah,Oh,,oh,,oh,,oh,,over,and,over,now,Please,a,come-a,,come-a,,come-a,to,me,Ooh,,ooh,,ooh,,wee,child,I've,got,to,win,your,love,somehow,,I,went,to,the,river,but,I,couldn't,jump,in,Now,I,know,I,just,can't,win,There's,only,one,thing,left,for,me,to,do,Is,try,not,to,think,about,you,Oh,yeah,,oh,lady,luck;[];82;;Lady,"Luck;https://genius.com/Lloyd-price-lady-luck-lyrics
",,,,,,,,,,,,,,,,,,,,,,,,,,,,,,,,,,,,,,,,,,,,,,,,,,,,,,,,,,,,,,,,,,,,,,,,,,,,,,,,,,,,,,,,,,,,,,,,,,,,,,,,,,,,,,,,,,,,,,,,,,,,,,,,,,,,,,,,,,,,,,,,,,,,,,,,,,,,,,,,,,,,,,,,,,,,,,,,,,,,,,,,,,,,,,,,,,,,,,,,,,,,,,,,,,,,,,,,,,,,,,,,,,,,,,,,,,,,,,,,,,,,,,,,,,,,,,,,,,,,,,,,,,,,,,,,,,,,,,,,,,,,,,,,,,,,,,,,,,,,,,,,,,,,,,,,,,,,
