Название товара,Цена,ссылка
Wertmark Daciana WE185.22.203 Подвесная люстра,388 081 руб. / шт.,https://www.plitkanadom.ru/svet/lyustry/wertmark-daciana-we185-22-203-podvesnaya-lyustra
10018/800C Подвесная люстра LOFT IT Prism,43 625 руб. / шт.,https://www.plitkanadom.ru/svet/lyustry/10018-800c-podvesnaya-lyustra-loft-it-prism
LOFT1163-10WH Люстра-паук LOFT IT Nuage,39 627 руб. / шт.,https://www.plitkanadom.ru/svet/lyustry/loft1163-10wh-lyustra-pauk-loft-it-nuage
10019/800C Подвесная люстра LOFT IT Prism Clear,43 725 руб. / шт.,https://www.plitkanadom.ru/svet/lyustry/10019-800c-podvesnaya-lyustra-loft-it-prism-clear
10101/600 Chrome Подвесная люстра LOFT IT Spark,23 401 руб. / шт.,https://www.plitkanadom.ru/svet/lyustry/10101-600-chrome-podvesnaya-lyustra-loft-it-spark
Подвесная люстра Reluce 02153-0.4-04 CH,7 943 руб. / шт.,https://www.plitkanadom.ru/svet/lyustry/podvesnaya-lyustra-reluce-02153-0-4-04-ch
LOFT1891/12 Подвесная люстра LOFT IT Vintage birdcage,36 660 руб. / шт.,https://www.plitkanadom.ru/svet/lyustry/loft1891-12-podvesnaya-lyustra-loft-it-vintage-birdcage
Потолочная люстра Escada Mona 1128/6,19 000 руб. / шт.,https://www.plitkanadom.ru/svet/lyustry/potolochnaya-lyustra-escada-mona-1128-6
10045/6 Gold Люстра на штанге LOFT IT Tiara,19 720 руб. / шт.,https://www.plitkanadom.ru/svet/lyustry/10045-6-gold-lyustra-na-shtange-loft-it-tiara
10124/8 Подвесная люстра LOFT IT Fleur,60 084 руб. / шт.,https://www.plitkanadom.ru/svet/lyustry/10124-8-podvesnaya-lyustra-loft-it-fleur
LOFT1029A-6 Подвесная люстра LOFT IT Birds,22 363 руб. / шт.,https://www.plitkanadom.ru/svet/lyustry/loft1029a-6-podvesnaya-lyustra-loft-it-birds
Velante 278-127-02 Потолочная люстра в стиле модерн,2 924 руб. / шт.,https://www.plitkanadom.ru/svet/lyustry/velante-278-127-02-potolochnaya-lyustra-v-stile-modern
Потолочная люстра Ambrella light Traditional Modern TR9562,6 164 руб. / шт.,https://www.plitkanadom.ru/svet/lyustry/potolochnaya-lyustra-ambrella-light-traditional-modern-tr9562
Потолочная люстра Escada Aurea 1124/8PL,16 156 руб. / шт.,https://www.plitkanadom.ru/svet/lyustry/potolochnaya-lyustra-escada-aurea-1124-8pl
Velante 387-526-01 Подвесы,3 007 руб. / шт.,https://www.plitkanadom.ru/svet/lyustry/velante-387-526-01-podvesy
LOFT1162A/6 Люстра-паук LOFT IT Spider,7 149 руб. / шт.,https://www.plitkanadom.ru/svet/lyustry/loft1162a-6-lyustra-pauk-loft-it-spider
LOFT1162/16 Люстра-паук LOFT IT Spider,12 098 руб. / шт.,https://www.plitkanadom.ru/svet/lyustry/loft1162-16-lyustra-pauk-loft-it-spider
Потолочная люстра Reluce 32694-0.3-05,4 442 руб. / шт.,https://www.plitkanadom.ru/svet/lyustry/potolochnaya-lyustra-reluce-32694-0-3-05
LOFT1163-6YL Люстра-паук LOFT IT Nuage,26 379 руб. / шт.,https://www.plitkanadom.ru/svet/lyustry/loft1163-6yl-lyustra-pauk-loft-it-nuage
10020/15 Люстра на штанге LOFT IT Orion,32 508 руб. / шт.,https://www.plitkanadom.ru/svet/lyustry/10020-15-lyustra-na-shtange-loft-it-orion
Подвесная люстра Escada 1111/5PL,17 637 руб. / шт.,https://www.plitkanadom.ru/svet/lyustry/podvesnaya-lyustra-escada-1111-5pl
Потолочная люстра Reluce 81715-0.3-06,6 087 руб. / шт.,https://www.plitkanadom.ru/svet/lyustry/potolochnaya-lyustra-reluce-81715-0-3-06
Velante 445-007-01 Потолочная люстра со светодиодами,2 382 руб. / шт.,https://www.plitkanadom.ru/svet/lyustry/velante-445-007-01-potolochnaya-lyustra-so-svetodiodami
10101/1000 Gold Подвесная люстра LOFT IT Spark,41 243 руб. / шт.,https://www.plitkanadom.ru/svet/lyustry/10101-1000-gold-podvesnaya-lyustra-loft-it-spark
10019/800R Подвесная люстра LOFT IT Prism Clear,31 161 руб. / шт.,https://www.plitkanadom.ru/svet/lyustry/10019-800r-podvesnaya-lyustra-loft-it-prism-clear
10018/800S Подвесная люстра LOFT IT Prism,43 725 руб. / шт.,https://www.plitkanadom.ru/svet/lyustry/10018-800s-podvesnaya-lyustra-loft-it-prism
10008/12 Grey Люстра на штанге LOFT IT Matisse,26 922 руб. / шт.,https://www.plitkanadom.ru/svet/lyustry/10008-12-grey-lyustra-na-shtange-loft-it-matisse
10129/1000 Gold Подвесная люстра LOFT IT Dream,26 029 руб. / шт.,https://www.plitkanadom.ru/svet/lyustry/10129-1000-gold-podvesnaya-lyustra-loft-it-dream
Подвесная светодиодная люстра Ambrella light Comfort LineTech FL51777,48 547 руб. / шт.,https://www.plitkanadom.ru/svet/lyustry/podvesnaya-svetodiodnaya-lyustra-ambrella-light-comfort-linetech-fl51777
Подвесная светодиодная люстра Ambrella light Comfort LineTech FL51688,25 782 руб. / шт.,https://www.plitkanadom.ru/svet/lyustry/podvesnaya-svetodiodnaya-lyustra-ambrella-light-comfort-linetech-fl51688
Потолочная люстра Reluce 04511-0.3-03,3 972 руб. / шт.,https://www.plitkanadom.ru/svet/lyustry/potolochnaya-lyustra-reluce-04511-0-3-03
Потолочная люстра Escada 298/5PL,4 406 руб. / шт.,https://www.plitkanadom.ru/svet/lyustry/potolochnaya-lyustra-escada-298-5pl
Подвесная люстра Ritter Baloons 52660 5,29 048 руб. / шт.,https://www.plitkanadom.ru/svet/lyustry/podvesnaya-lyustra-ritter-baloons-52660-5
Потолочная светодиодная люстра Profit Light 8465/3+1D WHT,6 172 руб. / шт.,https://www.plitkanadom.ru/svet/lyustry/potolochnaya-svetodiodnaya-lyustra-profit-light-8465-3-1d-wht
Velante 216-507-03 Потолочная люстра в стиле классика,2 462 руб. / шт.,https://www.plitkanadom.ru/svet/lyustry/velante-216-507-03-potolochnaya-lyustra-v-stile-klassika
10019/600C Подвесная люстра LOFT IT Prism Clear,27 289 руб. / шт.,https://www.plitkanadom.ru/svet/lyustry/10019-600c-podvesnaya-lyustra-loft-it-prism-clear
10018/600S Подвесная люстра LOFT IT Prism,27 289 руб. / шт.,https://www.plitkanadom.ru/svet/lyustry/10018-600s-podvesnaya-lyustra-loft-it-prism
LOFT1897/6 Подвесная люстра LOFT IT Foucaults orb crystal,28 656 руб. / шт.,https://www.plitkanadom.ru/svet/lyustry/loft1897-6-podvesnaya-lyustra-loft-it-foucaults-orb-crystal
10066/600 GB Подвесная люстра LOFT IT Fairytree,102 220 руб. / шт.,https://www.plitkanadom.ru/svet/lyustry/10066-600-gb-podvesnaya-lyustra-loft-it-fairytree
10129/600 Подвесная люстра LOFT IT Dream,16 497 руб. / шт.,https://www.plitkanadom.ru/svet/lyustry/10129-600-podvesnaya-lyustra-loft-it-dream
Потолочная люстра Ambrella light Traditional Modern TR9546,6 211 руб. / шт.,https://www.plitkanadom.ru/svet/lyustry/potolochnaya-lyustra-ambrella-light-traditional-modern-tr9546
Подвесная светодиодная люстра Ambrella light Comfort LineTech FL51642,29 614 руб. / шт.,https://www.plitkanadom.ru/svet/lyustry/podvesnaya-svetodiodnaya-lyustra-ambrella-light-comfort-linetech-fl51642
Потолочная светодиодная люстра Escada Skylar 10258/3LED,4 571 руб. / шт.,https://www.plitkanadom.ru/svet/lyustry/potolochnaya-svetodiodnaya-lyustra-escada-skylar-10258-3led
Потолочная люстра Escada Desire 10165/12PL Copper,20 563 руб. / шт.,https://www.plitkanadom.ru/svet/lyustry/potolochnaya-lyustra-escada-desire-10165-12pl-copper
Подвесная люстра Escada 1149/8S,23 759 руб. / шт.,https://www.plitkanadom.ru/svet/lyustry/podvesnaya-lyustra-escada-1149-8s
Потолочная люстра Reluce 01277-0.3-03 GOLD+CR,2 867 руб. / шт.,https://www.plitkanadom.ru/svet/lyustry/potolochnaya-lyustra-reluce-01277-0-3-03-gold-cr
LOFT1891/8 Подвесная люстра LOFT IT Vintage birdcage,21 263 руб. / шт.,https://www.plitkanadom.ru/svet/lyustry/loft1891-8-podvesnaya-lyustra-loft-it-vintage-birdcage
LOFT1162W/16 Люстра-паук LOFT IT Spider,15 031 руб. / шт.,https://www.plitkanadom.ru/svet/lyustry/loft1162w-16-lyustra-pauk-loft-it-spider
LOFT1162W/10 Люстра-паук LOFT IT Spider,9 532 руб. / шт.,https://www.plitkanadom.ru/svet/lyustry/loft1162w-10-lyustra-pauk-loft-it-spider
10101/800 Gold Подвесная люстра LOFT IT Spark,31 398 руб. / шт.,https://www.plitkanadom.ru/svet/lyustry/10101-800-gold-podvesnaya-lyustra-loft-it-spark
10101/800 Chrome Подвесная люстра LOFT IT Spark,31 398 руб. / шт.,https://www.plitkanadom.ru/svet/lyustry/10101-800-chrome-podvesnaya-lyustra-loft-it-spark
10019/800S Подвесная люстра LOFT IT Prism Clear,43 725 руб. / шт.,https://www.plitkanadom.ru/svet/lyustry/10019-800s-podvesnaya-lyustra-loft-it-prism-clear
10018/600C Подвесная люстра LOFT IT Prism,27 289 руб. / шт.,https://www.plitkanadom.ru/svet/lyustry/10018-600c-podvesnaya-lyustra-loft-it-prism
9954-13 Подвесная люстра LOFT IT Ike,36 355 руб. / шт.,https://www.plitkanadom.ru/svet/lyustry/9954-13-podvesnaya-lyustra-loft-it-ike
9953-19 Подвесная люстра LOFT IT Ike,51 324 руб. / шт.,https://www.plitkanadom.ru/svet/lyustry/9953-19-podvesnaya-lyustra-loft-it-ike
10138/1200 Подвесная люстра LOFT IT Gerard,78 697 руб. / шт.,https://www.plitkanadom.ru/svet/lyustry/10138-1200-podvesnaya-lyustra-loft-it-gerard
10125/10 Подвесная люстра LOFT IT Fleur,95 499 руб. / шт.,https://www.plitkanadom.ru/svet/lyustry/10125-10-podvesnaya-lyustra-loft-it-fleur
10067/1800 GB Подвесная люстра LOFT IT Bijout,387 333 руб. / шт.,https://www.plitkanadom.ru/svet/lyustry/10067-1800-gb-podvesnaya-lyustra-loft-it-bijout
Потолочная люстра Ambrella light Traditional Modern TR9505,5 713 руб. / шт.,https://www.plitkanadom.ru/svet/lyustry/potolochnaya-lyustra-ambrella-light-traditional-modern-tr9505
Потолочная люстра Ambrella light Traditional Modern TR303033,8 377 руб. / шт.,https://www.plitkanadom.ru/svet/lyustry/potolochnaya-lyustra-ambrella-light-traditional-modern-tr303033
Потолочная светодиодная люстра Escada Astrid 10236/6LED,16 767 руб. / шт.,https://www.plitkanadom.ru/svet/lyustry/potolochnaya-svetodiodnaya-lyustra-escada-astrid-10236-6led
Потолочная люстра Escada Spring 697/5P,5 417 руб. / шт.,https://www.plitkanadom.ru/svet/lyustry/potolochnaya-lyustra-escada-spring-697-5p
Потолочная люстра IMEX MD.4052-8-S COFFEE+FGD,9 647 руб. / шт.,https://www.plitkanadom.ru/svet/lyustry/potolochnaya-lyustra-imex-md-4052-8-s-coffee-fgd
Потолочная люстра Reluce 52134-0.3-03A,3 408 руб. / шт.,https://www.plitkanadom.ru/svet/lyustry/potolochnaya-lyustra-reluce-52134-0-3-03a
Потолочная люстра Reluce 04846-0.3-03,3 502 руб. / шт.,https://www.plitkanadom.ru/svet/lyustry/potolochnaya-lyustra-reluce-04846-0-3-03
Подвесная люстра Escada Eclipse 10166/5PL Brass,13 219 руб. / шт.,https://www.plitkanadom.ru/svet/lyustry/podvesnaya-lyustra-escada-eclipse-10166-5pl-brass
Потолочная люстра IMEX MD.4050-5-S BK+FGD,7 344 руб. / шт.,https://www.plitkanadom.ru/svet/lyustry/potolochnaya-lyustra-imex-md-4050-5-s-bk-fgd
Потолочная люстра IMEX MD.0525-2-S FGD,2 297 руб. / шт.,https://www.plitkanadom.ru/svet/lyustry/potolochnaya-lyustra-imex-md-0525-2-s-fgd
Потолочная светодиодная люстра Ambrella light Acrylica Ice FA1738,33 784 руб. / шт.,https://www.plitkanadom.ru/svet/lyustry/potolochnaya-svetodiodnaya-lyustra-ambrella-light-acrylica-ice-fa1738
Потолочная светодиодная люстра Profit Light 8881/4 CHR,8 090 руб. / шт.,https://www.plitkanadom.ru/svet/lyustry/potolochnaya-svetodiodnaya-lyustra-profit-light-8881-4-chr
Потолочная люстра Reluce 61714-0.3-2+1,2 327 руб. / шт.,https://www.plitkanadom.ru/svet/lyustry/potolochnaya-lyustra-reluce-61714-0-3-2-1
Velante 215-507-02 Потолочная люстра в стиле модерн,2 221 руб. / шт.,https://www.plitkanadom.ru/svet/lyustry/velante-215-507-02-potolochnaya-lyustra-v-stile-modern
Wertmark Elia WE223.01.026 Подвесная люстра,2 936 руб. / шт.,https://www.plitkanadom.ru/svet/lyustry/wertmark-elia-we223-01-026-podvesnaya-lyustra
LOFT4402/6BL Подвесная люстра LOFT IT Watchman,29 939 руб. / шт.,https://www.plitkanadom.ru/svet/lyustry/loft4402-6bl-podvesnaya-lyustra-loft-it-watchman
10045/8 Black Люстра на штанге LOFT IT Tiara,21 179 руб. / шт.,https://www.plitkanadom.ru/svet/lyustry/10045-8-black-lyustra-na-shtange-loft-it-tiara
10024/6 White Люстра на штанге LOFT IT Sven,13 564 руб. / шт.,https://www.plitkanadom.ru/svet/lyustry/10024-6-white-lyustra-na-shtange-loft-it-sven
LOFT1162W/6 Люстра-паук LOFT IT Spider,4 842 руб. / шт.,https://www.plitkanadom.ru/svet/lyustry/loft1162w-6-lyustra-pauk-loft-it-spider
LOFT1162A/10 Люстра-паук LOFT IT Spider,11 915 руб. / шт.,https://www.plitkanadom.ru/svet/lyustry/loft1162a-10-lyustra-pauk-loft-it-spider
LOFT1162/6 Люстра-паук LOFT IT Spider,4 842 руб. / шт.,https://www.plitkanadom.ru/svet/lyustry/loft1162-6-lyustra-pauk-loft-it-spider
LOFT1162/10 Люстра-паук LOFT IT Spider,9 532 руб. / шт.,https://www.plitkanadom.ru/svet/lyustry/loft1162-10-lyustra-pauk-loft-it-spider
LOFT1861/6 Подвесная люстра LOFT IT Rope filament,10 479 руб. / шт.,https://www.plitkanadom.ru/svet/lyustry/loft1861-6-podvesnaya-lyustra-loft-it-rope-filament
10019/500S Подвесная люстра LOFT IT Prism Clear,17 780 руб. / шт.,https://www.plitkanadom.ru/svet/lyustry/10019-500s-podvesnaya-lyustra-loft-it-prism-clear
10020/9 Люстра на штанге LOFT IT Orion,13 900 руб. / шт.,https://www.plitkanadom.ru/svet/lyustry/10020-9-lyustra-na-shtange-loft-it-orion
10020/12 Люстра на штанге LOFT IT Orion,17 963 руб. / шт.,https://www.plitkanadom.ru/svet/lyustry/10020-12-lyustra-na-shtange-loft-it-orion
LOFT1167-10WH Люстра-паук LOFT IT Nuage,51 219 руб. / шт.,https://www.plitkanadom.ru/svet/lyustry/loft1167-10wh-lyustra-pauk-loft-it-nuage
LOFT1163-10BL Люстра-паук LOFT IT Nuage,30 367 руб. / шт.,https://www.plitkanadom.ru/svet/lyustry/loft1163-10bl-lyustra-pauk-loft-it-nuage
10139/850 Подвесная люстра LOFT IT Molecule,19 063 руб. / шт.,https://www.plitkanadom.ru/svet/lyustry/10139-850-podvesnaya-lyustra-loft-it-molecule
10139/1200 Подвесная люстра LOFT IT Molecule,28 595 руб. / шт.,https://www.plitkanadom.ru/svet/lyustry/10139-1200-podvesnaya-lyustra-loft-it-molecule
9954-19 Подвесная люстра LOFT IT Ike,51 324 руб. / шт.,https://www.plitkanadom.ru/svet/lyustry/9954-19-podvesnaya-lyustra-loft-it-ike
9022-243 Подвесная люстра LOFT IT Heracleum,104 481 руб. / шт.,https://www.plitkanadom.ru/svet/lyustry/9022-243-podvesnaya-lyustra-loft-it-heracleum
10022/800 Люстра на штанге LOFT IT Frost,27 495 руб. / шт.,https://www.plitkanadom.ru/svet/lyustry/10022-800-lyustra-na-shtange-loft-it-frost
10125/8 Подвесная люстра LOFT IT Fleur,56 113 руб. / шт.,https://www.plitkanadom.ru/svet/lyustry/10125-8-podvesnaya-lyustra-loft-it-fleur
10125/12 Подвесная люстра LOFT IT Fleur,94 606 руб. / шт.,https://www.plitkanadom.ru/svet/lyustry/10125-12-podvesnaya-lyustra-loft-it-fleur
10129/600 Gold Подвесная люстра LOFT IT Dream,16 497 руб. / шт.,https://www.plitkanadom.ru/svet/lyustry/10129-600-gold-podvesnaya-lyustra-loft-it-dream
10129/1000 Подвесная люстра LOFT IT Dream,26 029 руб. / шт.,https://www.plitkanadom.ru/svet/lyustry/10129-1000-podvesnaya-lyustra-loft-it-dream
10068/800 SG Подвесная люстра LOFT IT Bijout,198 881 руб. / шт.,https://www.plitkanadom.ru/svet/lyustry/10068-800-sg-podvesnaya-lyustra-loft-it-bijout
10067/1800 SG Подвесная люстра LOFT IT Bijout,276 294 руб. / шт.,https://www.plitkanadom.ru/svet/lyustry/10067-1800-sg-podvesnaya-lyustra-loft-it-bijout
Потолочная люстра Ambrella light Traditional Modern TR303071,5 801 руб. / шт.,https://www.plitkanadom.ru/svet/lyustry/potolochnaya-lyustra-ambrella-light-traditional-modern-tr303071
Подвесная светодиодная люстра Ambrella light Comfort LineTech FL51712,19 736 руб. / шт.,https://www.plitkanadom.ru/svet/lyustry/podvesnaya-svetodiodnaya-lyustra-ambrella-light-comfort-linetech-fl51712
Подвесная светодиодная люстра Ambrella light Comfort LineTech FL51684,20 531 руб. / шт.,https://www.plitkanadom.ru/svet/lyustry/podvesnaya-svetodiodnaya-lyustra-ambrella-light-comfort-linetech-fl51684
Подвесная светодиодная люстра Ambrella light Comfort LineTech FL51689,25 782 руб. / шт.,https://www.plitkanadom.ru/svet/lyustry/podvesnaya-svetodiodnaya-lyustra-ambrella-light-comfort-linetech-fl51689
Потолочная люстра Reluce 52076-0.3-05,5 382 руб. / шт.,https://www.plitkanadom.ru/svet/lyustry/potolochnaya-lyustra-reluce-52076-0-3-05
Потолочная люстра Reluce 52062-0.3-06,5 664 руб. / шт.,https://www.plitkanadom.ru/svet/lyustry/potolochnaya-lyustra-reluce-52062-0-3-06
Потолочная люстра Reluce 52060-0.3-04,3 502 руб. / шт.,https://www.plitkanadom.ru/svet/lyustry/potolochnaya-lyustra-reluce-52060-0-3-04
Потолочная люстра Reluce 01326-0.3-03 WH+CR,3 502 руб. / шт.,https://www.plitkanadom.ru/svet/lyustry/potolochnaya-lyustra-reluce-01326-0-3-03-wh-cr
Потолочная люстра Ambrella light Traditional TR8027,2 722 руб. / шт.,https://www.plitkanadom.ru/svet/lyustry/potolochnaya-lyustra-ambrella-light-traditional-tr8027
Подвесная люстра Illumico IL0263-4PSQ-79 BK AB,9 377 руб. / шт.,https://www.plitkanadom.ru/svet/lyustry/podvesnaya-lyustra-illumico-il0263-4psq-79-bk-ab
Подвесная люстра Illumico IL0263-3PSQ-79 BK AB,7 027 руб. / шт.,https://www.plitkanadom.ru/svet/lyustry/podvesnaya-lyustra-illumico-il0263-3psq-79-bk-ab
Подвесная люстра Elvan LU-167/10-G9-Gl,19 388 руб. / шт.,https://www.plitkanadom.ru/svet/lyustry/podvesnaya-lyustra-elvan-lu-167-10-g9-gl
Потолочная люстра Ritter Rimini 52437 3,2 885 руб. / шт.,https://www.plitkanadom.ru/svet/lyustry/potolochnaya-lyustra-ritter-rimini-52437-3
Потолочная люстра IMEX MD.3499-2-S BK+CH,3 101 руб. / шт.,https://www.plitkanadom.ru/svet/lyustry/potolochnaya-lyustra-imex-md-3499-2-s-bk-ch
Подвесная люстра Escada 170/3P,5 711 руб. / шт.,https://www.plitkanadom.ru/svet/lyustry/podvesnaya-lyustra-escada-170-3p
Потолочная светодиодная люстра Escada Umbrella 10218/6LED 85W,6 122 руб. / шт.,https://www.plitkanadom.ru/svet/lyustry/potolochnaya-svetodiodnaya-lyustra-escada-umbrella-10218-6led-85w
Потолочная светодиодная люстра Profit Light 6004/3 WHT,14 182 руб. / шт.,https://www.plitkanadom.ru/svet/lyustry/potolochnaya-svetodiodnaya-lyustra-profit-light-6004-3-wht
Потолочная светодиодная люстра Profit Light 18029/8 WHT,11 685 руб. / шт.,https://www.plitkanadom.ru/svet/lyustry/potolochnaya-svetodiodnaya-lyustra-profit-light-18029-8-wht
Потолочная светодиодная люстра Reluce 20698-0.3-4+1,9 283 руб. / шт.,https://www.plitkanadom.ru/svet/lyustry/potolochnaya-svetodiodnaya-lyustra-reluce-20698-0-3-4-1
Velante 445-647-01 Потолочная люстра со светодиодами,5 596 руб. / шт.,https://www.plitkanadom.ru/svet/lyustry/velante-445-647-01-potolochnaya-lyustra-so-svetodiodami
Velante 445-407-01 Потолочная люстра со светодиодами,2 382 руб. / шт.,https://www.plitkanadom.ru/svet/lyustry/velante-445-407-01-potolochnaya-lyustra-so-svetodiodami
Velante 236-107-02 Потолочная люстра в стиле модерн,3 020 руб. / шт.,https://www.plitkanadom.ru/svet/lyustry/velante-236-107-02-potolochnaya-lyustra-v-stile-modern
LOFT4402/9BL Подвесная люстра LOFT IT Watchman,37 210 руб. / шт.,https://www.plitkanadom.ru/svet/lyustry/loft4402-9bl-podvesnaya-lyustra-loft-it-watchman
LOFT4402/6WH Подвесная люстра LOFT IT Watchman,29 939 руб. / шт.,https://www.plitkanadom.ru/svet/lyustry/loft4402-6wh-podvesnaya-lyustra-loft-it-watchman
10045/8 Gold Люстра на штанге LOFT IT Tiara,25 143 руб. / шт.,https://www.plitkanadom.ru/svet/lyustry/10045-8-gold-lyustra-na-shtange-loft-it-tiara
10024/6 Black Люстра на штанге LOFT IT Sven,13 564 руб. / шт.,https://www.plitkanadom.ru/svet/lyustry/10024-6-black-lyustra-na-shtange-loft-it-sven
10101/600 Gold Подвесная люстра LOFT IT Spark,33 642 руб. / шт.,https://www.plitkanadom.ru/svet/lyustry/10101-600-gold-podvesnaya-lyustra-loft-it-spark
LOFT1861/8 Подвесная люстра LOFT IT Rope filament,12 701 руб. / шт.,https://www.plitkanadom.ru/svet/lyustry/loft1861-8-podvesnaya-lyustra-loft-it-rope-filament
10019/500C Подвесная люстра LOFT IT Prism Clear,18 147 руб. / шт.,https://www.plitkanadom.ru/svet/lyustry/10019-500c-podvesnaya-lyustra-loft-it-prism-clear
10019/1200R Подвесная люстра LOFT IT Prism Clear,52 370 руб. / шт.,https://www.plitkanadom.ru/svet/lyustry/10019-1200r-podvesnaya-lyustra-loft-it-prism-clear
10018/500S Подвесная люстра LOFT IT Prism,18 147 руб. / шт.,https://www.plitkanadom.ru/svet/lyustry/10018-500s-podvesnaya-lyustra-loft-it-prism
10018/500C Подвесная люстра LOFT IT Prism,18 147 руб. / шт.,https://www.plitkanadom.ru/svet/lyustry/10018-500c-podvesnaya-lyustra-loft-it-prism
10021/15 Люстра на штанге LOFT IT Orion Smoky,26 945 руб. / шт.,https://www.plitkanadom.ru/svet/lyustry/10021-15-lyustra-na-shtange-loft-it-orion-smoky
LOFT1163-6WH Люстра-паук LOFT IT Nuage,19 888 руб. / шт.,https://www.plitkanadom.ru/svet/lyustry/loft1163-6wh-lyustra-pauk-loft-it-nuage
LOFT1163-6BL Люстра-паук LOFT IT Nuage,19 888 руб. / шт.,https://www.plitkanadom.ru/svet/lyustry/loft1163-6bl-lyustra-pauk-loft-it-nuage
LOFT1163-10YL Люстра-паук LOFT IT Nuage,30 367 руб. / шт.,https://www.plitkanadom.ru/svet/lyustry/loft1163-10yl-lyustra-pauk-loft-it-nuage
9952-7 Подвесная люстра LOFT IT Ike,19 063 руб. / шт.,https://www.plitkanadom.ru/svet/lyustry/9952-7-podvesnaya-lyustra-loft-it-ike
LOFT1897/4 Подвесная люстра LOFT IT Foucaults orb crystal,20 957 руб. / шт.,https://www.plitkanadom.ru/svet/lyustry/loft1897-4-podvesnaya-lyustra-loft-it-foucaults-orb-crystal
LOFT1897/15 Подвесная люстра LOFT IT Foucaults orb crystal,85 540 руб. / шт.,https://www.plitkanadom.ru/svet/lyustry/loft1897-15-podvesnaya-lyustra-loft-it-foucaults-orb-crystal
LOFT1896/8 Подвесная люстра LOFT IT Foucaults orb crystal,63 483 руб. / шт.,https://www.plitkanadom.ru/svet/lyustry/loft1896-8-podvesnaya-lyustra-loft-it-foucaults-orb-crystal
LOFT1193-8 Подвесная люстра LOFT IT Foucaults orb,44 164 руб. / шт.,https://www.plitkanadom.ru/svet/lyustry/loft1193-8-podvesnaya-lyustra-loft-it-foucaults-orb
10066/1500 GB Подвесная люстра LOFT IT Fairytree,233 524 руб. / шт.,https://www.plitkanadom.ru/svet/lyustry/10066-1500-gb-podvesnaya-lyustra-loft-it-fairytree
LOFT1862-8 Подвесная люстра LOFT IT Castle,13 473 руб. / шт.,https://www.plitkanadom.ru/svet/lyustry/loft1862-8-podvesnaya-lyustra-loft-it-castle
10067/1800 GD Подвесная люстра LOFT IT Bijout,276 294 руб. / шт.,https://www.plitkanadom.ru/svet/lyustry/10067-1800-gd-podvesnaya-lyustra-loft-it-bijout
Потолочная люстра Escada ODE 686/8PL Copper,25 404 руб. / шт.,https://www.plitkanadom.ru/svet/lyustry/potolochnaya-lyustra-escada-ode-686-8pl-copper
Потолочная люстра Escada ODE 686/5PL Chrome,16 544 руб. / шт.,https://www.plitkanadom.ru/svet/lyustry/potolochnaya-lyustra-escada-ode-686-5pl-chrome
Потолочная люстра Escada NOBLE 685/8PL,21 397 руб. / шт.,https://www.plitkanadom.ru/svet/lyustry/potolochnaya-lyustra-escada-noble-685-8pl
Потолочная люстра Ambrella light Traditional Loft TR80164,7 175 руб. / шт.,https://www.plitkanadom.ru/svet/lyustry/potolochnaya-lyustra-ambrella-light-traditional-loft-tr80164
Подвесная светодиодная люстра Ambrella light Comfort LineTech FL51779,48 547 руб. / шт.,https://www.plitkanadom.ru/svet/lyustry/podvesnaya-svetodiodnaya-lyustra-ambrella-light-comfort-linetech-fl51779
Подвесная светодиодная люстра Ambrella light Comfort LineTech FL51763,44 095 руб. / шт.,https://www.plitkanadom.ru/svet/lyustry/podvesnaya-svetodiodnaya-lyustra-ambrella-light-comfort-linetech-fl51763
Подвесная светодиодная люстра Ambrella light Comfort LineTech FL51734,15 200 руб. / шт.,https://www.plitkanadom.ru/svet/lyustry/podvesnaya-svetodiodnaya-lyustra-ambrella-light-comfort-linetech-fl51734
Подвесная светодиодная люстра Ambrella light Comfort LineTech FL51645,29 614 руб. / шт.,https://www.plitkanadom.ru/svet/lyustry/podvesnaya-svetodiodnaya-lyustra-ambrella-light-comfort-linetech-fl51645
Потолочная светодиодная люстра Ambrella light Comfort LineTech FL51615,14 791 руб. / шт.,https://www.plitkanadom.ru/svet/lyustry/potolochnaya-svetodiodnaya-lyustra-ambrella-light-comfort-linetech-fl51615
Потолочная люстра Reluce 52061-0.3-04,3 972 руб. / шт.,https://www.plitkanadom.ru/svet/lyustry/potolochnaya-lyustra-reluce-52061-0-3-04
Потолочная люстра Reluce 04858-0.3-06,7 497 руб. / шт.,https://www.plitkanadom.ru/svet/lyustry/potolochnaya-lyustra-reluce-04858-0-3-06
Подвесная люстра Reluce 01270-0.3-06B BK+AB,5 852 руб. / шт.,https://www.plitkanadom.ru/svet/lyustry/podvesnaya-lyustra-reluce-01270-0-3-06b-bk-ab
Подвесная люстра Illumico IL6925-3CIN-59 AB,4 042 руб. / шт.,https://www.plitkanadom.ru/svet/lyustry/podvesnaya-lyustra-illumico-il6925-3cin-59-ab
Подвесная люстра Illumico IL0029-8PSQ-19 CR,11 515 руб. / шт.,https://www.plitkanadom.ru/svet/lyustry/podvesnaya-lyustra-illumico-il0029-8psq-19-cr
Потолочная светодиодная люстра Escada Skylar 10258/8LED,10 387 руб. / шт.,https://www.plitkanadom.ru/svet/lyustry/potolochnaya-svetodiodnaya-lyustra-escada-skylar-10258-8led
Подвесная люстра Stilfort Amman 1024/09/18P,52 170 руб. / шт.,https://www.plitkanadom.ru/svet/lyustry/podvesnaya-lyustra-stilfort-amman-1024-09-18p
Подвесная светодиодная люстра IMEX PLC-7047-8-P,18 683 руб. / шт.,https://www.plitkanadom.ru/svet/lyustry/podvesnaya-svetodiodnaya-lyustra-imex-plc-7047-8-p
10101/1000 Chrome Подвесная люстра LOFT IT Spark,41 243 руб. / шт.,https://www.plitkanadom.ru/svet/lyustry/10101-1000-chrome-podvesnaya-lyustra-loft-it-spark
LOFT1167-10BL Люстра-паук LOFT IT Nuage,39 089 руб. / шт.,https://www.plitkanadom.ru/svet/lyustry/loft1167-10bl-lyustra-pauk-loft-it-nuage
9952-19 Подвесная люстра LOFT IT Ike,45 458 руб. / шт.,https://www.plitkanadom.ru/svet/lyustry/9952-19-podvesnaya-lyustra-loft-it-ike
9022-162 Подвесная люстра LOFT IT Heracleum,68 554 руб. / шт.,https://www.plitkanadom.ru/svet/lyustry/9022-162-podvesnaya-lyustra-loft-it-heracleum
10138/800 Подвесная люстра LOFT IT Gerard,62 444 руб. / шт.,https://www.plitkanadom.ru/svet/lyustry/10138-800-podvesnaya-lyustra-loft-it-gerard
LOFT1193-4 Подвесная люстра LOFT IT Foucaults orb,23 157 руб. / шт.,https://www.plitkanadom.ru/svet/lyustry/loft1193-4-podvesnaya-lyustra-loft-it-foucaults-orb
10067/1500 SG Подвесная люстра LOFT IT Bijout,233 524 руб. / шт.,https://www.plitkanadom.ru/svet/lyustry/10067-1500-sg-podvesnaya-lyustra-loft-it-bijout
10067/1250 GD Подвесная люстра LOFT IT Bijout,245 853 руб. / шт.,https://www.plitkanadom.ru/svet/lyustry/10067-1250-gd-podvesnaya-lyustra-loft-it-bijout
Потолочная люстра Ambrella light Traditional Modern TR9564,6 164 руб. / шт.,https://www.plitkanadom.ru/svet/lyustry/potolochnaya-lyustra-ambrella-light-traditional-modern-tr9564
Подвесная светодиодная люстра Ambrella light Comfort LineTech FL51686,20 531 руб. / шт.,https://www.plitkanadom.ru/svet/lyustry/podvesnaya-svetodiodnaya-lyustra-ambrella-light-comfort-linetech-fl51686
Потолочная люстра Reluce 04512-0.3-08,9 377 руб. / шт.,https://www.plitkanadom.ru/svet/lyustry/potolochnaya-lyustra-reluce-04512-0-3-08
Потолочная люстра Reluce 04164-0.3-08,9 988 руб. / шт.,https://www.plitkanadom.ru/svet/lyustry/potolochnaya-lyustra-reluce-04164-0-3-08
Потолочная светодиодная люстра Ambrella light Comfort Line FL5153,16 605 руб. / шт.,https://www.plitkanadom.ru/svet/lyustry/potolochnaya-svetodiodnaya-lyustra-ambrella-light-comfort-line-fl5153
Потолочная светодиодная люстра Escada Alcor 10266/6LED,13 759 руб. / шт.,https://www.plitkanadom.ru/svet/lyustry/potolochnaya-svetodiodnaya-lyustra-escada-alcor-10266-6led
Подвесная люстра Escada Bovilla 10175/4,15 616 руб. / шт.,https://www.plitkanadom.ru/svet/lyustry/podvesnaya-lyustra-escada-bovilla-10175-4
Потолочная люстра Milosh Tendence 0538CL-8BK,16 204 руб. / шт.,https://www.plitkanadom.ru/svet/lyustry/potolochnaya-lyustra-milosh-tendence-0538cl-8bk
Потолочная люстра Stilfort Chart 1045/11/06PT,22 266 руб. / шт.,https://www.plitkanadom.ru/svet/lyustry/potolochnaya-lyustra-stilfort-chart-1045-11-06pt
Потолочная люстра Escada 155/5P,2 656 руб. / шт.,https://www.plitkanadom.ru/svet/lyustry/potolochnaya-lyustra-escada-155-5p
Velante 223-102-04 Потолочная люстра в стиле модерн,2 275 руб. / шт.,https://www.plitkanadom.ru/svet/lyustry/velante-223-102-04-potolochnaya-lyustra-v-stile-modern
10019/600S Подвесная люстра LOFT IT Prism Clear,27 289 руб. / шт.,https://www.plitkanadom.ru/svet/lyustry/10019-600s-podvesnaya-lyustra-loft-it-prism-clear
10021/18 Люстра на штанге LOFT IT Orion Smoky,31 222 руб. / шт.,https://www.plitkanadom.ru/svet/lyustry/10021-18-lyustra-na-shtange-loft-it-orion-smoky
LOFT1167-6BL Люстра-паук LOFT IT Nuage,25 402 руб. / шт.,https://www.plitkanadom.ru/svet/lyustry/loft1167-6bl-lyustra-pauk-loft-it-nuage
Потолочная люстра Reluce 04886-0.3-03 BK+WOOD,3 102 руб. / шт.,https://www.plitkanadom.ru/svet/lyustry/potolochnaya-lyustra-reluce-04886-0-3-03-bk-wood
Потолочная люстра Escada Crown 682/4PL Gold,9 823 руб. / шт.,https://www.plitkanadom.ru/svet/lyustry/potolochnaya-lyustra-escada-crown-682-4pl-gold
Потолочная люстра Stilfort Muschel 2153/05/12P,52 288 руб. / шт.,https://www.plitkanadom.ru/svet/lyustry/potolochnaya-lyustra-stilfort-muschel-2153-05-12p
Потолочная люстра Elvan LU-109/3-E14-Bk,1 998 руб. / шт.,https://www.plitkanadom.ru/svet/lyustry/potolochnaya-lyustra-elvan-lu-109-3-e14-bk
Потолочная люстра Ambrella light Traditional Modern TR303039,13 556 руб. / шт.,https://www.plitkanadom.ru/svet/lyustry/potolochnaya-lyustra-ambrella-light-traditional-modern-tr303039
Потолочная светодиодная люстра Reluce 20707-0.3-3+1S,6 087 руб. / шт.,https://www.plitkanadom.ru/svet/lyustry/potolochnaya-svetodiodnaya-lyustra-reluce-20707-0-3-3-1s
Потолочная люстра Reluce 01266-0.3-05B GOLD,2 938 руб. / шт.,https://www.plitkanadom.ru/svet/lyustry/potolochnaya-lyustra-reluce-01266-0-3-05b-gold
Velante 705-107-03 Потолочная люстра в стиле классика,2 913 руб. / шт.,https://www.plitkanadom.ru/svet/lyustry/velante-705-107-03-potolochnaya-lyustra-v-stile-klassika
Velante 218-007-02 Потолочная люстра в стиле модерн,2 261 руб. / шт.,https://www.plitkanadom.ru/svet/lyustry/velante-218-007-02-potolochnaya-lyustra-v-stile-modern
10022/400 Люстра на штанге LOFT IT Frost,12 831 руб. / шт.,https://www.plitkanadom.ru/svet/lyustry/10022-400-lyustra-na-shtange-loft-it-frost
Потолочная люстра Ambrella light Traditional TR9011,11 233 руб. / шт.,https://www.plitkanadom.ru/svet/lyustry/potolochnaya-lyustra-ambrella-light-traditional-tr9011
Потолочная люстра Ambrella light Traditional TR3111,7 264 руб. / шт.,https://www.plitkanadom.ru/svet/lyustry/potolochnaya-lyustra-ambrella-light-traditional-tr3111
Потолочная люстра IMEX MD.4023-5-S CH,5 094 руб. / шт.,https://www.plitkanadom.ru/svet/lyustry/potolochnaya-lyustra-imex-md-4023-5-s-ch
Потолочная люстра Escada 671/8P,15 863 руб. / шт.,https://www.plitkanadom.ru/svet/lyustry/potolochnaya-lyustra-escada-671-8p
Потолочная люстра Escada 644/5PL,5 711 руб. / шт.,https://www.plitkanadom.ru/svet/lyustry/potolochnaya-lyustra-escada-644-5pl
Подвесная люстра Escada 1109/4P,7 896 руб. / шт.,https://www.plitkanadom.ru/svet/lyustry/podvesnaya-lyustra-escada-1109-4p
Потолочная люстра Escada 1120/5P,6 745 руб. / шт.,https://www.plitkanadom.ru/svet/lyustry/potolochnaya-lyustra-escada-1120-5p
Потолочная светодиодная люстра Profit Light 5887/3 WHT,6 592 руб. / шт.,https://www.plitkanadom.ru/svet/lyustry/potolochnaya-svetodiodnaya-lyustra-profit-light-5887-3-wht
Wertmark Edda WE514.01.713 Подвесная люстра,10 726 руб. / шт.,https://www.plitkanadom.ru/svet/lyustry/wertmark-edda-we514-01-713-podvesnaya-lyustra
Потолочная люстра Reluce 32694-0.3-03,2 703 руб. / шт.,https://www.plitkanadom.ru/svet/lyustry/potolochnaya-lyustra-reluce-32694-0-3-03
