title,link,mime,width,height
Керамогранит LCM Matrix 60120MAX15P Gray полированный 600x1200x7 ...,https://otdelkino.ru/upload/resize_image/iblock/1d3/600_600/fuxl46yax2a4cw0w23smuhcxau3jx0t1.jpg,image/jpeg,600,300
"Плитка Matrix LCM купить в Москве - низкие цены за м2, каталог ...",https://www.plitkanadom.ru/upload/resize_cache/iblock/741/5a3d7sqcl9ccl33azjxjfmo7l9a44zm0/252_252_1/60120MAX15P.jpg,image/jpeg,252,126
Керамогранит LCM Matrix 60120MAX15P Gray полированный 600x1200x7 ...,https://otdelkino.ru/upload/iblock/b52/wlyicl7yz6gt96rczpnhxvt6mx5rg4d8.jpg,image/jpeg,300,150
"Плитка Matrix LCM купить в Москве - низкие цены за м2, каталог ...",https://www.plitkanadom.ru/upload/resize_cache/iblock/566/r2s07ufewtg07xnuzxs0juaicljs4402/1500_1500_1/Matrix_1.jpg,image/jpeg,1500,1050
Керамогранит LCM Argentina 60120ARI01P Crema полированный ...,https://otdelkino.ru/upload/resize_image/iblock/d6b/600_600/m8gpc03a2vzux1m4r505qcc12oahojen.jpg,image/jpeg,600,300
Акция! Снижение цены на формат 60x120 тм LCM в Москве - Плитка на ...,https://www.plitkanadom.ru/upload/iblock/377/qxj32or5je1sy6oa5rv6hkdumillgmd8/450kh320_08.jpg,image/jpeg,450,320
Керамическая плитка LCM - купить в Москве | Отделкино,https://otdelkino.ru/upload/resize_image/iblock/7c5/600_600/j2lfqj5z3x075q3ohhszalx6bpkgdt85.jpg,image/jpeg,600,420
Керамогранит LCM Matrix 60120MAX15P Gray полированный 600x1200x7 ...,https://otdelkino.ru/upload/resize_image/iblock/a65/300_300/edoxwstdgfirjycalzu6pl4frtj8e8ri.jpg,image/jpeg,300,300
Керамическая плитка LCM - купить в Москве | Отделкино,https://otdelkino.ru/upload/resize_image/iblock/220/600_600/dp1hrqkshg392ot4iln6azrgdr7vhmmb.jpg,image/jpeg,600,420
Керамогранит LCM Argentina 60120ARI01P Crema полированный ...,https://otdelkino.ru/upload/resize_image/iblock/fb3/1600_900/qyr0z7d5q3l3o7gosxlgsggruulmdwat.jpg,image/jpeg,1024,512
